"geo_id","year","nights","population","nights_per_1000pop","ln_nights_per_1000pop","gdp_pc","ln_gdp_pc","pop_density","ln_pop_density","comp_employees","wage_per_capita","ln_wage_per_capita","tertiary_edu","coast","area_km2","unesco_count"
"BE10",2017,6335177,1199095,5283.29865440186,8.57230592678017,68000,11.1272629841582,7421.6,8.91214994633906,41164,0.0343292232892306,-3.37175829660884,46.6,0,158.324376627313,3
"BE10",2018,6993061,1205492,5801.00158275625,8.66578586830799,68900,11.1404114570018,7471.5,8.91885106118145,42132.1,0.0349501282463923,-3.35383314088438,47.5,0,158.324376627313,3
"BE10",2019,7428718,1215289,6112.71722199411,8.71812667049224,71700,11.1802460265877,7526.7,8.9262119777237,43450.5,0.0357532241302275,-3.33111482844768,47.1,0,158.324376627313,3
"BE10",2020,1782873,1223364,1457.35284020128,7.28437694585526,68000,11.1272629841582,7526.7,8.9262119777237,42709,0.0349111139448275,-3.35495004932737,49.3,0,158.324376627313,3
"BE10",2021,2370936,1226329,1933.36046036586,7.56701493899168,72900,11.1968439179968,7560.8,8.93073228368085,45128.4,0.0367995864078889,-3.30226867278647,52.2,0,158.324376627313,3
"BE10",2022,6220792,1228655,5063.09094090693,8.52973243367052,77900,11.2631812318588,7660,8.94376726273464,49086.4,0.0399513288921626,-3.22009334343916,53.5,0,158.324376627313,3
"BE10",2023,7127123,1253178,5687.2391631516,8.64598020078365,82300,11.3181263866652,7770.2,8.95805118305617,53744.3,0.0428864056023965,-3.14920038899208,53.8,0,158.324376627313,3
"BE21",2017,4333706,1838863,2356.73130624739,7.76503089823988,45700,10.7298535768823,657.7,6.4887489003073,39881,0.0216878582036835,-3.8310027048151,38.2,0,2932.69070265015,2
"BE21",2018,4864460,1849523,2630.11598125571,7.87478322353623,47300,10.76426557448,661.6,6.49466114370948,41432.2,0.0224015597535148,-3.79862469069199,40,0,2932.69070265015,2
"BE21",2019,4912144,1860470,2640.27046929002,7.87863664138131,48900,10.797532675463,665.8,6.50098932514092,43234.4,0.0232384289991239,-3.76194794828834,40,0,2932.69070265015,2
"BE21",2020,2056957,1873095,1098.1594633481,7.00139084226048,47600,10.7705880402195,665.8,6.50098932514092,42747.6,0.0228219070575705,-3.78003436847069,41,0,2932.69070265015,2
"BE21",2021,2984935,1879318,1588.30756689395,7.3704243049763,51300,10.8454460311589,669.1,6.50593352578877,45172.9,0.0240368580516975,-3.72816687454148,43.5,0,2932.69070265015,2
"BE21",2022,5273380,1890627,2789.22283454113,7.93351828208415,57700,10.9630124524962,678.8,6.52032653336007,49566.4,0.0262169111093833,-3.64135061424601,47.1,0,2932.69070265015,2
"BE21",2023,5360150,1915921,2797.68842243495,7.93654879178206,60400,11.0087443839229,686.3,6.53131484991459,53400.1,0.0278717650675576,-3.58014110732441,46.1,0,2932.69070265015,2
"BE22",2017,4105887,869664,4721.23371784965,8.45982542532592,31400,10.3545631718963,364.5,5.89852655144871,13931.3,0.0160191752216948,-4.133968822956,35.4,0,2366.42100422843,1
"BE22",2018,4330127,872739,4961.53718351076,8.50947088773532,32500,10.3889953683178,365.8,5.90208673595677,14456.9,0.0165649753248107,-4.10046473282929,35.8,0,2366.42100422843,1
"BE22",2019,4413067,875842,5038.65651567292,8.52489476118021,33500,10.4193007178132,367.5,5.90672331865289,14969.2,0.0170912105151386,-4.06919095258201,36.7,0,2366.42100422843,1
"BE22",2020,2406418,880602,2732.69649626051,7.91304412826506,32300,10.3828225092107,367.5,5.90672331865289,14681,0.0166715496898712,-4.09405162374049,37.7,0,2366.42100422843,1
"BE22",2021,3551574,883228,4021.12931202362,8.29931806555044,35400,10.4744670991219,369,5.91079664404053,15712.8,0.0177901968687587,-4.029107711106,39.2,0,2366.42100422843,1
"BE22",2022,4860760,888913,5468.20667489394,8.60670599429376,39300,10.5789797978574,373.8,5.92372089502146,17143.4,0.0192858018726242,-3.94838610806586,43.7,0,2366.42100422843,1
"BE22",2023,5135639,898619,5715.0349591985,8.6508556933053,41300,10.6286177789491,377,5.93224518744801,18537.2,0.0206285422409275,-3.88107961649321,42.2,0,2366.42100422843,1
"BE23",2017,2264035,1498483,1510.88467470101,7.32045063553532,36200,10.4968143978139,505.8,6.22614133423586,26467.3,0.0176627295738423,-4.03629853324465,42.6,0,3052.89639895302,0
"BE23",2018,2454113,1506232,1629.30610955019,7.39590950350252,37000,10.5186731916264,508.8,6.23205501202591,27615.1,0.018333895442402,-3.99900372239315,42.8,0,3052.89639895302,0
"BE23",2019,2565512,1516284,1691.97327149795,7.43365074305437,38200,10.5505907945947,512.3,6.23891039094516,28663.1,0.0189035167554363,-3.96840730250953,41.5,0,3052.89639895302,0
"BE23",2020,1164263,1526486,762.707944914005,6.63687518594301,37100,10.5213722485955,512.3,6.23891039094516,28543.2,0.0186986320215187,-3.97930491172696,44.1,0,3052.89639895302,0
"BE23",2021,1673154,1533876,1090.8013424814,6.9946678817017,41200,10.6261935353376,515.2,6.24455517479014,30557.6,0.0199218189736328,-3.91593971705716,50,0,3052.89639895302,0
"BE23",2022,2869279,1545469,1856.57492968154,7.52648863352528,45700,10.7298535768823,523.4,6.26034599009605,33547.9,0.0217072616791408,-3.83010843482332,49.6,0,3052.89639895302,0
"BE23",2023,3050344,1563346,1951.16372191441,7.57618125402407,48200,10.7831143000387,528.3,6.26966430417027,36426.4,0.0233002802962364,-3.75928988860145,46.8,0,3052.89639895302,0
"BE24",2017,2030847,1130644,1796.18606740937,7.49342084450338,42300,10.6525423650344,536.7,6.28543927918278,23615.8,0.020887034291961,-3.86862668132541,50.7,0,2124.81804235057,0
"BE24",2018,2295796,1138546,2016.42797041138,7.60908289357199,43500,10.6805162170768,540.5,6.29249463707926,24450.1,0.0214748459877774,-3.84087298283591,48.7,0,2124.81804235057,0
"BE24",2019,2348709,1146643,2048.33500924002,7.62478255151233,45100,10.7166375254908,544.7,6.30023518438963,25533.3,0.0222678723892266,-3.8046103393569,49.2,0,2124.81804235057,0
"BE24",2020,805360,1156470,696.39506429047,6.54591712040549,42700,10.6619541992167,544.7,6.30023518438963,25142.4,0.0217406417805909,-3.82857187699845,51.4,0,2124.81804235057,0
"BE24",2021,1076461,1163186,925.441846789765,6.83027129566853,48200,10.7831143000387,548.6,6.3073695785035,26547.1,0.0228227471788691,-3.7799975570932,53.2,0,2124.81804235057,0
"BE24",2022,2127693,1173956,1812.41290133531,7.50241433113849,50600,10.8317068552756,558.7,6.3256126564651,29076,0.0247675381360119,-3.69822142935803,51.6,0,2124.81804235057,0
"BE24",2023,2347029,1188079,1975.4822701184,7.58856783492805,55700,10.9277354259154,564.3,6.33558602497509,31871.1,0.0268257413858843,-3.61839335297649,50,0,2124.81804235057,0
"BE25",2017,11776860,1188407,9909.78679863044,9.20127811333181,38000,10.5453414387085,377.9,5.93462961035544,21229.7,0.0178639977718071,-4.02496788917519,37.4,0,3134.45486554438,1
"BE25",2018,12182123,1192254,10217.724578823,9.23187919501806,38900,10.5687495296065,379.2,5.93806377038087,22013.7,0.0184639346984787,-3.99193592535688,37.3,0,3134.45486554438,1
"BE25",2019,12117431,1196995,10123.209370131,9.22258602400179,40400,10.6065850639492,380.8,5.94227430291721,22755,0.0190101044699435,-3.9627846269712,37.3,0,3134.45486554438,1
"BE25",2020,6843417,1202352,5691.69178410316,8.64676280878073,39300,10.5789797978574,380.8,5.94227430291721,22155.7,0.0184269664790344,-3.99394011775331,38.7,0,3134.45486554438,1
"BE25",2021,10573285,1205101,8773.77497819685,9.07952243496428,43000,10.6689553946757,382.1,5.94568235445285,23862,0.0198008299719277,-3.92203142438605,39.5,0,3134.45486554438,1
"BE25",2022,12391043,1210822,10233.5793370124,9.2334296840657,47500,10.7684849900227,386.2,5.95635536999441,26066.4,0.0215278546309862,-3.83840761813578,39.8,0,3134.45486554438,1
"BE25",2023,12149691,1222004,9942.43144866956,9.20456688228006,51300,10.8454460311589,389,5.96357934361845,28160.2,0.0230442780874694,-3.77033777951126,40,0,3134.45486554438,1
"BE31",2017,479080,399735,1198.49400227651,7.08882104950356,45400,10.7232673840294,365.2,5.90044514872081,7948.3,0.0198839230990531,-3.91784375823591,57.1,0,1082.23769003555,0
"BE31",2018,488009,401508,1215.4402901063,7.10286166881966,50600,10.8317068552756,367.3,5.90617895282562,8331.1,0.0207495242934138,-3.87523195818684,58.4,0,1082.23769003555,0
"BE31",2019,507424,404270,1255.16115467386,7.1350192534207,56100,10.9348910915108,369.7,5.91269186594259,8642,0.0213768026319044,-3.84544893405885,55.7,0,1082.23769003555,0
"BE31",2020,196377,406794,482.743108305432,6.17948464529876,54700,10.9096189884101,369.7,5.91269186594259,8286.1,0.0203692778162903,-3.89372750267135,59.7,0,1082.23769003555,0
"BE31",2021,317903,408325,778.553848037715,6.65743815784502,52800,10.8742664696944,371.5,5.91754886415781,8935,0.0218820792261067,-3.82208727732781,59.7,0,1082.23769003555,0
"BE31",2022,517975,410619,1261.44917794841,7.14001648026871,62100,11.0365012679216,375.8,5.92905708697937,9897.8,0.0241045835677355,-3.72535326703667,60.7,0,1082.23769003555,0
"BE31",2023,552952,413959,1335.76513616083,7.19725954235581,68200,11.1301998438316,378,5.93489419561959,10584.9,0.0255699235914668,-3.66633847789364,62,0,1082.23769003555,0
"BE32",2017,1225305,1342053,913.007906543184,6.81674454051715,24300,10.0982316293286,353.4,5.8676005598856,18154.7,0.0135275581515782,-4.30302632968906,31.1,0,3751.39170335704,4
"BE32",2018,1296905,1343756,965.13429521431,6.87226725768148,25300,10.1385596747156,353.9,5.86901438735142,18289.7,0.0136108787607274,-4.29688589711972,31.4,0,3751.39170335704,4
"BE32",2019,1337620,1346082,993.713607343386,6.90144904375671,25900,10.1619982476876,354.8,5.87155425043542,18821,0.013982060528259,-4.26998016188876,32,0,3751.39170335704,4
"BE32",2020,677447,1350295,501.702961204774,6.21800823381437,24800,10.1185989321531,354.8,5.87155425043542,18371.3,0.0136053973391,-4.29728870180037,32.4,0,3751.39170335704,4
"BE32",2021,985025,1349861,729.72328261947,6.59266539737434,27100,10.2072890068678,355.3,5.87296250302698,19600.1,0.0145200876238368,-4.23222223490419,33.5,0,3751.39170335704,4
"BE32",2022,1367967,1354667,1009.81791097,6.91752530741349,29700,10.2989023247908,357.3,5.87857576502936,21507.7,0.0158767431405652,-4.14289993610132,34.2,0,3751.39170335704,4
"BE32",2023,1399808,1361026,1028.49467974895,6.93585153625411,31300,10.3513733765282,358.6,5.88220756117103,23207.6,0.0170515478763815,-4.07151429483477,34.3,0,3751.39170335704,4
"BE33",2017,2412971,1106039,2181.63283573183,7.68782888263365,28600,10.2611619968079,288.5,5.66469508594815,16417.5,0.0148435091348497,-4.21019260458374,35.6,0,3878.4250764455,0
"BE33",2018,2468194,1108371,2226.86627492058,7.70835061827017,29600,10.2955296403122,289,5.66642668811243,16958.4,0.0153002920502251,-4.17988336251592,35.9,0,3878.4250764455,0
"BE33",2019,2590225,1110068,2333.39308943236,7.75507874879814,30500,10.3254819625955,289.7,5.6688459047753,17608.5,0.0158625417541988,-4.1437948136867,37.5,0,3878.4250764455,0
"BE33",2020,1553652,1113943,1394.73204643326,7.24045759439562,29200,10.2819239882564,289.7,5.6688459047753,17134,0.0153813974323641,-4.17459645867041,39.7,0,3878.4250764455,0
"BE33",2021,2069236,1113324,1858.61079074914,7.52758460095441,31900,10.3703612887729,290.2,5.67057034045009,18366.9,0.0164973538700324,-4.10455528244967,42.4,0,3878.4250764455,0
"BE33",2022,2766896,1116087,2479.10422753782,7.81565257533765,35400,10.4744670991219,291.6,5.6753830001345,20250.7,0.0181443740496933,-4.00939473603569,41.5,0,3878.4250764455,0
"BE33",2023,2820576,1122360,2513.07601838982,7.82926278714171,37500,10.5320962119585,293,5.68017260901707,21571.6,0.0192198581560284,-3.95181125548656,38.6,0,3878.4250764455,0
"BE34",2017,2417871,284617,8495.17421657877,9.04725354202744,24000,10.0858091093301,63.8,4.15575319035074,3636,0.0127750626280229,-4.36026024051512,37.1,0,4398.35046716245,0
"BE34",2018,2733464,285010,9590.7652363075,9.16855595992942,24800,10.1185989321531,64.1,4.16044436392662,3735.1,0.0131051542051156,-4.33474967538431,38.8,0,4398.35046716245,0
"BE34",2019,2881127,286685,10049.800303469,9.21530804298821,25600,10.1503476304677,64.6,4.16821441078856,3858.6,0.0134593717843626,-4.30807962863614,40.7,0,4398.35046716245,0
"BE34",2020,1902634,289606,6569.73267128443,8.79022842134861,24700,10.1145585226161,64.6,4.16821441078856,3777.6,0.0130439286478871,-4.33943249117987,42.5,0,4398.35046716245,0
"BE34",2021,2516831,291730,8627.26150892949,9.06268241146397,27400,10.2182982923762,65.2,4.17745946893261,4054.3,0.013897439413156,-4.276050670696,44.6,0,4398.35046716245,0
"BE34",2022,3200491,294400,10871.2330163043,9.2938754066449,30400,10.3221978873943,66.4,4.19569705648239,4530.5,0.0153889266304348,-4.17410707817474,42.1,0,4398.35046716245,0
"BE34",2023,3184468,297654,10698.5560415785,9.27786406195832,31700,10.3640719598654,66.8,4.2017030805426,4807.2,0.0161502953093189,-4.12581694407391,40.4,0,4398.35046716245,0
"BE35",2017,1295569,494127,2621.93525146369,7.87166796968757,26200,10.1735146897492,135,4.90527477843843,6953,0.014071281269795,-4.26361934805059,40.2,0,3766.30332804805,0
"BE35",2018,1214032,495158,2451.80730191171,7.80458070584053,27100,10.2072890068678,135.3,4.90749453517674,7183.2,0.0145068846711555,-4.23313193733252,39.2,0,3766.30332804805,0
"BE35",2019,1410870,496891,2839.39536035066,7.95134640720358,27600,10.2255710517052,135.9,4.9119193211571,7326,0.0147436761784778,-4.21694102179139,37.7,0,3766.30332804805,0
"BE35",2020,788088,499433,1577.96541277809,7.36389158277403,26900,10.1998815655899,135.9,4.9119193211571,7208.8,0.0144339681198479,-4.238170953019,40.8,0,3766.30332804805,0
"BE35",2021,1101507,500489,2200.86155739687,7.69660417968306,29500,10.2921455423279,136.4,4.91559174540936,7637.3,0.015259676036836,-4.18254148291632,42.8,0,3766.30332804805,0
"BE35",2022,1427848,503408,2836.36334742396,7.95027799912944,32500,10.3889953683178,137.8,4.92580335857956,8481.9,0.0168489575056415,-4.08346649319913,43.3,0,3766.30332804805,0
"BE35",2023,1568822,506650,3096.46106779828,8.03801514732904,34800,10.4573726657626,138.5,4.93087032562739,9103.9,0.0179688147636435,-4.01911753675345,44.1,0,3766.30332804805,0
"BG31",2017,560310,753059,744.045287288247,6.61210190299167,4800,8.47637119689598,40.5,3.70130197411249,1362.03,0.00180866306624049,-6.31516734406763,19.9,0,18881.2770042114,0
"BG31",2018,545035,736788,739.744675537604,6.60630509360332,5400,8.59415423255237,39.8,3.68386691229039,1505.44,0.00204324717557832,-6.1932149838872,20.6,0,18881.2770042114,0
"BG31",2019,566530,720754,786.02408033809,6.66698742852237,5500,8.61250337122056,39,3.66356164612965,1616.28,0.00224248495325728,-6.10017067386107,19.3,0,18881.2770042114,0
"BG31",2020,529175,704576,751.05453492597,6.62147826554043,6000,8.69951474821019,39,3.66356164612965,1715.2,0.00243437187755473,-6.01806651155359,20.8,0,18881.2770042114,0
"BG31",2021,519563,696328,746.14693075677,6.61492253892905,7200,8.88183630500415,38.4,3.64805745959368,1960.68,0.00281574200664055,-5.87252946184346,19.8,0,18881.2770042114,0
"BG31",2022,677770,682036,993.745198200682,6.90148083395755,8800,9.0825070004663,35.9,3.58073729549423,2262.27,0.00331693634940091,-5.70871370840818,18.8,0,18881.2770042114,0
"BG31",2023,741046,671502,1103.56484418513,7.00630098625864,9800,9.19013766465866,35.4,3.56671182013973,2572.09,0.00383035344645288,-5.5647981963783,21,0,18881.2770042114,0
"BG32",2017,759511,765086,992.713237466115,6.900441838317,5400,8.59415423255237,54.6,4.00003388275086,1702.88,0.00222573671456542,-6.10766731049813,23,0,14817.6886678737,3
"BG32",2018,847302,748308,1132.29044724899,7.03199780469427,5800,8.66561319653451,53.9,3.98713047791495,1843.32,0.00246331724370179,-6.00624636436162,25.2,0,14817.6886678737,3
"BG32",2019,893810,731277,1222.25914393588,7.10845618266283,6300,8.74830491237962,53.1,3.97217692824789,2006.71,0.00274411748215792,-5.8982957558375,26.6,0,14817.6886678737,3
"BG32",2020,515240,714075,721.548856912789,6.58140009167016,6500,8.77955745588373,53.1,3.97217692824789,2144.67,0.00300342401008297,-5.80800230444926,26.3,0,14817.6886678737,3
"BG32",2021,640328,705241,907.956287283354,6.81119623568402,7700,8.94897560784178,52.5,3.96081316959758,2416.16,0.00342600614541696,-5.67636008532322,26.6,0,14817.6886678737,3
"BG32",2022,796862,694972,1146.61022314568,7.04456523648693,8900,9.09380655572023,47.1,3.85227300102237,2702.72,0.00388896243301888,-5.54961288366005,26.3,0,14817.6886678737,3
"BG32",2023,829531,686334,1208.64039957222,7.09725137012059,10100,9.22029070282935,46.6,3.8416005411316,3129.04,0.00455906308007472,-5.39063814146254,26.4,0,14817.6886678737,3
"BG33",2017,7925542,881513,8990.83961325584,9.10396151723772,6300,8.74830491237962,64.3,4.16355963124357,2240.98,0.00254219733571711,-5.97472647912679,26.9,0,14678.5899111887,1
"BG33",2018,8210728,866648,9474.12098106728,9.15631925320027,6900,8.83927669058535,64,4.15888308335967,2478.7,0.00286010006369368,-5.85689866745694,25.3,0,14678.5899111887,1
"BG33",2019,7888370,851079,9268.66953596552,9.13439512463108,7500,8.9226582995244,63.7,4.15418456257812,2675.1,0.00314318647270112,-5.76251819340034,23.2,0,14678.5899111887,1
"BG33",2020,2881380,835432,3448.97011366574,8.14583094768206,7500,8.9226582995244,63.7,4.15418456257812,2722.58,0.00325888881440979,-5.72636899618314,23.3,0,14678.5899111887,1
"BG33",2021,4643589,832326,5579.05075655452,8.6267739255913,8600,9.0595174822416,63.4,4.14946386144318,3088.52,0.00371070950565043,-5.59653217923189,25.9,0,14678.5899111887,1
"BG33",2022,5583720,827640,6746.5564738292,8.81678750166945,10300,9.23989917421773,56.7,4.03777421073371,3530.3,0.00426550190904258,-5.45719542406139,28.7,0,14678.5899111887,1
"BG33",2023,6278943,823884,7621.14933655709,8.93868246887593,11500,9.35010231435134,56.7,4.03777421073371,4058.79,0.00492640954309102,-5.31314484366312,30.3,0,14678.5899111887,1
"BG34",2017,9968379,1004948,9919.29831195246,9.20223746309489,6800,8.8246778911642,53.2,3.9740583963476,2589.35,0.00257660097835908,-5.96128419889758,21.7,0,19934.1126894291,1
"BG34",2018,10188021,991373,10276.6779002454,9.23763232532652,6900,8.83927669058535,52.9,3.96840333886425,2806.54,0.00283096271534528,-5.867138443075,21.5,0,19934.1126894291,1
"BG34",2019,10565610,977482,10809.0072246855,9.28813506781134,7000,8.85366542803745,52.5,3.96081316959758,2829.64,0.00289482568476964,-5.84483038228483,21.3,0,19934.1126894291,1
"BG34",2020,3906580,963654,4053.92391875092,8.30744055987751,6700,8.80986280537906,52.5,3.96081316959758,2910.01,0.00301976643068985,-5.80257579141749,22.9,0,19934.1126894291,1
"BG34",2021,6744017,959331,7029.91668152077,8.85793013288821,8600,9.0595174822416,52.2,3.95508249488859,3243.16,0.00338064755543186,-5.68968800338987,22.7,0,19934.1126894291,1
"BG34",2022,9626527,953641,10094.4978246531,9.21974578455202,12400,9.42545175159313,48.5,3.88156379794344,3647.89,0.00382522353799805,-5.56613837210458,21.8,0,19934.1126894291,1
"BG34",2023,10421361,948410,10988.2445355911,9.30458130175377,12500,9.43348392329039,48.5,3.88156379794344,4209.03,0.00443798568129817,-5.41755468086311,22.9,0,19934.1126894291,1
"BG41",2017,4309369,2069800,2082.02193448642,7.64109478441549,12200,9.40919123072135,104.4,4.64822967544854,11393.06,0.00550442554836216,-5.20220286514032,39.2,0,20409.1396287816,3
"BG41",2018,4409755,2058448,2142.27175036727,7.66962211054577,13200,9.48797210857446,104.1,4.64535197562092,12667.92,0.00615411222435544,-5.0906347662467,39.8,0,20409.1396287816,3
"BG41",2019,4456931,2046676,2177.64365243937,7.68599867782016,15100,9.62245002280302,103.7,4.64150211523548,13981.43,0.00683128643713025,-4.9862422721645,39.5,0,20409.1396287816,3
"BG41",2020,2294523,2034417,1127.85284432838,7.02807096639203,15400,9.64212278840172,103.7,4.64150211523548,14485.58,0.00712026098877467,-4.94481089850328,42.7,0,20409.1396287816,3
"BG41",2021,2791394,2024977,1378.48182967016,7.22873804914387,17900,9.79255599182885,103.3,4.63763737612559,16202.65,0.00800139952206865,-4.82813881234398,43.1,0,20409.1396287816,3
"BG41",2022,4335721,2018500,2147.99157790438,7.67228853471994,20800,9.94270826568941,99.7,4.60216567696779,18762.76,0.00929539757245479,-4.67823588600105,43.2,0,20409.1396287816,3
"BG41",2023,4939678,2016554,2449.56395911044,7.8036653118259,23500,10.0647557001323,99.8,4.60316818331742,21611.3,0.0107169458392882,-4.53592906698354,41.8,0,20409.1396287816,3
"BG42",2017,2530985,1375112,1840.56644113352,7.51782865166955,5400,8.59415423255237,64.3,4.16355963124357,3014.28,0.00219202508595663,-6.12292946563857,22.2,0,22480.9097512325,0
"BG42",2018,2644172,1355853,1950.19076551809,7.57568247524372,5900,8.68270762989381,63.9,4.15731936138349,3361.81,0.00247947970760842,-5.99970653613455,22.7,0,22480.9097512325,0
"BG42",2019,2783540,1336909,2082.07140500962,7.64111854494109,6500,8.77955745588373,63.7,4.15418456257812,3667.78,0.00274347767873505,-5.89852893755263,22.5,0,22480.9097512325,0
"BG42",2020,1841585,1317121,1398.18968796337,7.24293359882781,6900,8.83927669058535,63.7,4.15418456257812,3925.84,0.0029806221296297,-5.81562323192179,22,0,22480.9097512325,0
"BG42",2021,2281377,1313914,1736.32140307509,7.45952401810421,7300,8.89562962713648,63.5,4.15103990589865,4445.2,0.00338317424123649,-5.68894088556267,22.6,0,22480.9097512325,0
"BG42",2022,3152691,1305695,2414.56925239049,7.78927618677865,9100,9.11602969250494,58.9,4.07584109065754,5039.72,0.00385979880446812,-5.55714022005865,22.8,0,22480.9097512325,0
"BG42",2023,3654487,1301026,2808.92695457278,7.94055782269806,9500,9.15904707758863,58.9,4.07584109065754,5794.36,0.0044536850147499,-5.41402343228177,24.9,0,22480.9097512325,0
"CZ01",2017,18055838,1280508,14100.5272907315,9.55396747217281,40800,10.6164373603923,2654.7,7.88408693294141,21317.71,0.016647853820515,-4.09547397053273,45.6,0,483.774416809568,0
"CZ01",2018,18249084,1294513,14097.2581967118,9.55373560332369,44900,10.7121930737303,2683.7,7.89495171837202,24247.98,0.018731353026196,-3.97755652668375,46.4,0,483.774416809568,0
"CZ01",2019,18479653,1308632,14121.3519155882,9.55544325119404,48000,10.77895628989,2714.3,7.90628937223731,25934.44,0.0198179778577935,-3.9211657806236,45.5,0,483.774416809568,0
"CZ01",2020,4903295,1324277,3702.62037323007,8.21679605695178,46300,10.7428972400743,2714.3,7.90628937223731,25592.02,0.019325277113474,-3.94634134497503,45.9,0,483.774416809568,0
"CZ01",2021,5257254,1259413,4174.36853518266,8.33671837678762,52600,10.8704713987258,2741.6,7.9162969705604,28043.88,0.0222674214098155,-3.80463059203169,49.8,0,483.774416809568,0
"CZ01",2022,13398104,1275406,10504.9717501721,9.25960392409625,59400,10.9920495053507,2714.2,7.90625252964727,32264.72,0.0252976071933173,-3.67704546506062,51.5,0,483.774416809568,0
"CZ01",2023,16861664,1357326,12422.7075883023,9.42728133400719,63500,11.0587951848808,2826.9,7.94693598388082,36749.04,0.0270745863558202,-3.60915976392849,53.2,0,483.774416809568,0
"CZ02",2017,2425079,1338982,1811.13637076525,7.50170975640967,17500,9.76995615991161,125.6,4.8331022540341,8448.91,0.00630995039515094,-5.06562746376721,21.9,0,10915.3342575848,2
"CZ02",2018,2642741,1352795,1953.54137175256,7.57739909254195,18500,9.82552601106642,127,4.84418708645859,9550.08,0.00705951751743612,-4.95337857011879,23.6,0,10915.3342575848,2
"CZ02",2019,2699378,1369332,1971.31009864664,7.58645362539483,20500,9.9281801651265,128.5,4.85592890433527,10468.91,0.00764526791165327,-4.87366839617939,23.2,0,10915.3342575848,2
"CZ02",2020,1822817,1385141,1315.97938404827,7.18233644614574,19000,9.85219425814858,128.5,4.85592890433527,10354.15,0.00747515956859266,-4.89616981296431,24.2,0,10915.3342575848,2
"CZ02",2021,2028714,1372588,1478.02108134415,7.29845936483278,21100,9.95702831946416,129.8,4.86599480426999,11508.89,0.00838481029995891,-4.78133350770064,25.6,0,10915.3342575848,2
"CZ02",2022,2781158,1386824,2005.41525096191,7.6036064260085,23800,10.0774408596596,131.8,4.88128562206841,12971.91,0.00935368150536766,-4.67198526928874,24.9,0,10915.3342575848,2
"CZ02",2023,3040227,1439391,2112.16201852033,7.65546735519839,26400,10.1811192891344,135.1,4.90601524496615,14288.49,0.00992676069254289,-4.61252106838993,25.1,0,10915.3342575848,2
"CZ03",2017,5868896,1217411,4820.80086347175,8.48069534748981,16100,9.68657455097255,71.1,4.2640873368092,8464.83,0.00695314072240188,-4.96856181897875,20,0,17923.8885885861,2
"CZ03",2018,6385781,1221012,5229.90846936803,8.56214905582896,17300,9.75846178048587,71.4,4.26829786934554,9410.54,0.00770716422115426,-4.86560496436162,20.1,0,17923.8885885861,2
"CZ03",2019,6607633,1226805,5386.04994273744,8.59156754602395,18300,9.81465633882951,71.8,4.27388447605418,10130.31,0.00825747368163644,-4.79663658791162,20.3,0,17923.8885885861,2
"CZ03",2020,4889034,1233982,3961.99782492775,8.28450367827494,17800,9.78695373628018,71.8,4.27388447605418,9986.69,0.00809305970427445,-4.81674841122228,19.8,0,17923.8885885861,2
"CZ03",2021,4898507,1212780,4039.07303880341,8.30377049878773,19700,9.88837391472608,72,4.27666611901606,11117.24,0.00916674087633371,-4.69217346741045,21.6,0,17923.8885885861,2
"CZ03",2022,6371840,1215754,5241.06028028697,8.5642791004126,22200,10.0078475678604,72.1,4.2780540442909,12395.26,0.0101955329778886,-4.58580559796136,21.7,0,17923.8885885861,2
"CZ03",2023,6699397,1257691,5326.74321435074,8.58049530120298,24600,10.1105017219205,73.7,4.30000279919529,13700.72,0.0108935501645476,-4.51958439291032,24.1,0,17923.8885885861,2
"CZ04",2017,6721835,1118126,6011.6972505782,8.70146239208296,13000,9.47270463644367,131.9,4.88204405972327,6303.54,0.00563759361646183,-5.17829796826695,14.3,0,8558.9939231877,2
"CZ04",2018,6936111,1116766,6210.89019543933,8.73405951335607,13800,9.5324238711453,131.7,4.88052660874924,7047.76,0.00631086548121988,-5.06548245157791,13.9,0,8558.9939231877,2
"CZ04",2019,7143760,1115685,6403.02594370275,8.76452596131486,14900,9.60911649193355,131.7,4.88052660874924,7619.05,0.00682903328448442,-4.98657215502408,15.2,0,8558.9939231877,2
"CZ04",2020,4006829,1115629,3591.54252892315,8.18633706299372,14200,9.56099724358935,131.7,4.88052660874924,7462.29,0.00668886341247852,-5.0073113127765,13.7,0,8558.9939231877,2
"CZ04",2021,3960656,1086606,3644.9789528127,8.20110587016345,15700,9.6614159913364,131.3,4.87748478130875,8131.47,0.00748336563575022,-4.89507263688998,15.1,0,8558.9939231877,2
"CZ04",2022,5879385,1082108,5433.27006176833,8.60029645298563,18500,9.82552601106642,129.1,4.8605872978526,9011.28,0.00832752368525138,-4.78818914367936,15.6,0,8558.9939231877,2
"CZ04",2023,6704640,1105932,6062.43421837871,8.70986668461016,20000,9.90348755253613,130.5,4.87137322676275,9928.89,0.00897784854765031,-4.71299500803954,16.7,0,8558.9939231877,2
"CZ05",2017,8304338,1508527,5504.93163198272,8.6133996298213,15500,9.64859530290734,123.2,4.81380905109942,9898.54,0.00656172544475505,-5.02650168549608,20.3,0,12350.2159758488,2
"CZ05",2018,8609500,1510726,5698.91562070157,8.64803119374216,16700,9.72316399840485,123.4,4.81543111147129,11157.02,0.00738520419983505,-4.90827671276021,20.6,0,12350.2159758488,2
"CZ05",2019,8980470,1513693,5932.82125239398,8.68825513811121,17800,9.78695373628018,123.7,4.81785927939844,12090.07,0.00798713477567776,-4.82992318480867,20.1,0,12350.2159758488,2
"CZ05",2020,6882845,1517999,4534.15647836395,8.41939434268278,17500,9.76995615991161,123.7,4.81785927939844,11866.04,0.00781689579505652,-4.85146776038716,20.5,0,12350.2159758488,2
"CZ05",2021,6198674,1496140,4143.11093881589,8.3292022191304,18900,9.84691720104773,123.8,4.8186673602505,13236.51,0.00884710655419947,-4.72766481644813,20.9,0,12350.2159758488,2
"CZ05",2022,9296401,1494671,6219.69717750595,8.73547649925963,21200,9.9617564606601,123.6,4.81705054502359,14627.29,0.0097862941075327,-4.62677243265994,22.9,0,12350.2159758488,2
"CZ05",2023,9377251,1533205,6116.11037010706,8.7186816130122,23800,10.0774408596596,125.3,4.83071086190202,16010.08,0.0104422304910302,-4.56189707078114,21.2,0,12350.2159758488,2
"CZ06",2017,5156502,1687764,3055.22691561142,8.0246091456432,16800,9.72913416539135,123.3,4.8146204101703,12463.42,0.00738457509462223,-4.90836190092729,25.5,0,13892.7745422488,5
"CZ06",2018,5550465,1692123,3280.17821399508,8.09565303343726,18300,9.81465633882951,123.6,4.81705054502359,14030.57,0.00829169628921775,-4.792500712043,25.8,0,13892.7745422488,5
"CZ06",2019,5681946,1696941,3348.34623006928,8.1162218402617,19700,9.88837391472608,124,4.82028156560504,15168.64,0.00893881401887278,-4.71735235867818,26,0,13892.7745422488,5
"CZ06",2020,3804896,1701802,2235.80416523191,7.7123562478061,19600,9.88328484521861,124,4.82028156560504,15122.25,0.00888602199315784,-4.72327579943684,27.7,0,13892.7745422488,5
"CZ06",2021,4271155,1685220,2534.47917779281,7.8377434423698,22100,10.0033328875058,124.3,4.82269799851667,16853.82,0.0100009612988215,-4.60507406072612,27.7,0,13892.7745422488,5
"CZ06",2022,5593341,1688593,3312.42697322564,8.10543642423279,24800,10.1185989321531,124.8,4.82671245593533,18974.48,0.01123685814166,-4.48855599835427,27.2,0,13892.7745422488,5
"CZ06",2023,5804709,1731977,3351.4931202897,8.11716123307017,27500,10.2219412836547,126.8,4.84261104200313,20825.95,0.0120243802313772,-4.42081900432876,28.2,0,13892.7745422488,5
"CZ07",2017,4135092,1217623,3396.03637579119,8.13036425873759,15100,9.62245002280302,133.4,4.89335213348152,7896.07,0.00648482329916567,-5.03829070920783,19.7,0,9094.7259928745,2
"CZ07",2018,4388049,1216234,3607.89864450426,8.19088078890995,16200,9.69276652122048,133.3,4.89260222718466,8859.48,0.00728435481987841,-4.92202640607385,19.5,0,9094.7259928745,2
"CZ07",2019,4585092,1215413,3772.45594707314,8.23548151319096,17400,9.76422548520262,133.2,4.89185175810629,9497.23,0.0078139940908975,-4.85183903856947,20,0,9094.7259928745,2
"CZ07",2020,3219773,1214570,2650.95712886042,7.88267603447226,17000,9.74096862303835,133.2,4.89185175810629,9384.69,0.0077267592645957,-4.86306574560911,22.3,0,9094.7259928745,2
"CZ07",2021,3387122,1198649,2825.78302739167,7.94654078301162,18800,9.84161214881804,132.9,4.8895969657192,10493.99,0.00875484816656085,-4.73814765587776,24.5,0,9094.7259928745,2
"CZ07",2022,4554835,1195362,3810.42311868706,8.24549551672813,21300,9.96646235169752,132,4.88280192258637,11682.69,0.00977334899386127,-4.62809608825983,24,0,9094.7259928745,2
"CZ07",2023,4616359,1212333,3807.83085175443,8.24481497574256,23700,10.0732303271232,133,4.89034912822175,12799.83,0.010558015000829,-4.55086999177958,22.3,0,9094.7259928745,2
"CZ08",2017,2551815,1209879,2109.14893142207,7.65403979506567,15000,9.61580548008435,227.3,5.4262707308585,8032.33,0.0066389531515135,-5.0148009858277,21.6,0,5415.14817465759,0
"CZ08",2018,2752191,1205886,2282.29782914803,7.73293803424083,16400,9.70503661381229,226.7,5.42362755751348,8999.03,0.00746258767412508,-4.89785305170595,21.1,0,5415.14817465759,0
"CZ08",2019,2846835,1203299,2365.85836105573,7.76889617844197,16900,9.73506890091116,226.2,5.42141956368202,9580.09,0.00796152078577311,-4.83313524388515,20.3,0,5415.14817465759,0
"CZ08",2020,1853005,1200539,1543.47755466503,7.34179330199329,16000,9.68034400122192,226.2,5.42141956368202,9419.24,0.00784584257570974,-4.84777149566961,21.1,0,5415.14817465759,0
"CZ08",2021,1922160,1183440,1624.21415534374,7.39277938108169,18100,9.80366721725392,225.2,5.41698889626554,10341.22,0.00873827147975394,-4.7400428800692,22.5,0,5415.14817465759,0
"CZ08",2022,2724248,1177989,2312.62600924117,7.7461389583847,20900,9.9475044379529,222.8,5.40627450805313,11464.46,0.00973223009722502,-4.63231221097569,22.4,0,5415.14817465759,0
"CZ08",2023,2738224,1189674,2301.65910997467,7.74138549403072,22600,10.0257051852604,223.8,5.41075279587782,12624.31,0.0106115709009359,-4.54581027879218,22,0,5415.14817465759,0
"DK01",2017,10948698,1807404,6057.69269073212,8.70908426245831,66200,11.1004357419251,745.4,6.61392098704516,60771.92,0.0336238715859874,-3.39251900040429,49.9,1,2547.55865535169,1
"DK01",2018,11767300,1822659,6456.11713436249,8.77278335327381,67500,11.1198828768606,751.2,6.62167192789405,62703.54,0.0344022332208054,-3.36963379750049,51.1,1,2547.55865535169,1
"DK01",2019,12437958,1835562,6776.10344951573,8.82115750326313,68200,11.1301998438316,756,6.62804137617953,64904.43,0.0353594321521147,-3.34219010038817,52.7,1,2547.55865535169,1
"DK01",2020,5496748,1846023,2977.61620521521,7.99887832824798,68900,11.1404114570018,756,6.62804137617953,65601.54,0.0355366861626318,-3.33718970307254,53,1,2547.55865535169,1
"DK01",2021,7722608,1855084,4162.94248670141,8.33397743175037,78800,11.274668275846,760,6.63331843328038,69560.04,0.0374969758781813,-3.28349499250611,54.1,1,2547.55865535169,1
"DK01",2022,13324592,1867948,7133.27780002441,8.87252612726822,92500,11.4349639235005,772,6.64898455002478,74406.55,0.039833309064278,-3.22305180554385,53.1,1,2547.55865535169,1
"DK01",2023,14509583,1891871,7669.43570676859,8.94499832017742,85000,11.3504065354725,780.9,6.66044710066863,79212.58,0.0418699689355141,-3.17318644087842,55.1,1,2547.55865535169,1
"DK02",2017,2970750,832553,3568.2413011544,8.17982812066045,35300,10.4716382429214,117.8,4.76898827121749,15214.42,0.0182744161632953,-4.00225322114552,31.1,1,7389.72135693623,1
"DK02",2018,2930759,835024,3509.7901377685,8.16331152486288,35900,10.4884925744764,118.1,4.77153172320332,15499.11,0.0185612748855123,-3.98667786403096,30.8,1,7389.72135693623,1
"DK02",2019,2951761,836738,3527.7004271349,8.16840150057775,37300,10.5267486056319,118.3,4.77322377098434,16021.22,0.0191472360523844,-3.95559690524045,30.3,1,7389.72135693623,1
"DK02",2020,2479181,837359,2960.7145800069,7.99318593034737,37600,10.534759329378,118.3,4.77322377098434,16385.26,0.0195677839492977,-3.93387074111944,30.4,1,7389.72135693623,1
"DK02",2021,2822831,838840,3365.16022125793,8.12123085498928,39600,10.5865843972426,118.4,4.7740687224499,17373.27,0.0207110652806256,-3.87708716691464,32.1,1,7389.72135693623,1
"DK02",2022,3301223,843513,3913.65989617232,8.27222824999867,41700,10.6382564077869,119.6,4.78415284151653,18239.29,0.0216230099595383,-3.8339972553912,32.9,1,7389.72135693623,1
"DK02",2023,3281375,849857,3861.09074820823,8.25870499979746,44600,10.7054891380082,120.3,4.78998862298063,18992.47,0.0223478420487211,-3.80102551521399,33.1,1,7389.72135693623,1
"DK03",2017,8816382,1217224,7243.02346979685,8.88779400453204,45500,10.725467604939,101.7,4.62202730305451,28503.48,0.0234167909932765,-3.75430195012907,32.5,1,12083.4639247686,2
"DK03",2018,9121153,1220763,7471.6820545839,8.91887542742195,46000,10.7363966754712,101.9,4.62399194022868,29383.08,0.0240694385396674,-3.72681235360515,32.5,1,12083.4639247686,2
"DK03",2019,9258748,1223348,7568.36811765745,8.93173275088828,47200,10.7621491715736,102,4.62497281328427,30283.15,0.0247543217465513,-3.69875518918877,33.1,1,12083.4639247686,2
"DK03",2020,7529977,1223105,6156.44364138811,8.7252545588644,47800,10.7747809184795,102,4.62497281328427,30649.16,0.0250584863932369,-3.6865427306505,33.5,1,12083.4639247686,2
"DK03",2021,8708660,1223634,7117.04643708821,8.87024809209015,50800,10.8356516335666,102,4.62497281328427,32492.94,0.0265544599120325,-3.62855756378071,33.9,1,12083.4639247686,2
"DK03",2022,10672288,1228362,8688.22708615213,9.06972417974098,52900,10.8761586178464,102.8,4.63278535302106,34688.83,0.0282399081052654,-3.56701912042523,34.7,1,12083.4639247686,2
"DK03",2023,10451725,1237413,8446.43219361685,9.04149940558142,54500,10.9059559806513,103.2,4.63666885304746,36159.39,0.0292217634694318,-3.53284152302851,35.1,1,12083.4639247686,2
"DK04",2017,4937336,1304253,3785.566143992,8.23895073037763,46400,10.7450547382143,102.5,4.62986279857846,31755.44,0.0243476074043916,-3.71532169282777,37,1,13171.001388503,0
"DK04",2018,4951468,1313596,3769.39941960846,8.234670962608,47000,10.7579028806922,103.2,4.63666885304746,32878.76,0.0250295829159041,-3.68769683704508,37.7,1,13171.001388503,0
"DK04",2019,4981459,1320678,3771.89519322651,8.23533285790245,48800,10.7954855918412,103.7,4.64150211523548,33883.42,0.0256560796802854,-3.66297471087871,39.4,1,13171.001388503,0
"DK04",2020,4246217,1326340,3201.45437821373,8.07136047872886,50100,10.821776287073,103.7,4.64150211523548,34750.74,0.0262004764992385,-3.64197768138663,38.9,1,13171.001388503,0
"DK04",2021,4917048,1332048,3691.34445605564,8.21374602190937,53200,10.8818136753297,104.1,4.64535197562092,36880.19,0.0276868326066328,-3.58679833596815,40.2,1,13171.001388503,0
"DK04",2022,5949770,1341857,4433.98216054319,8.39705336683555,53600,10.8893043470589,105.8,4.6615505194242,39798.78,0.0296594793633003,-3.5179734959227,41.3,1,13171.001388503,0
"DK04",2023,5833691,1358879,4293.01725907899,8.36474508850043,54600,10.907789161733,106.7,4.67002115830771,40781.11,0.0300108471762386,-3.50619639013029,41.2,1,13171.001388503,0
"DK05",2017,4484628,587335,7635.55381511403,8.94057075138281,42900,10.6666271049161,76.2,4.3333614626926,13150.73,0.0223905096750577,-3.79911808511749,31.5,1,8112.62002941931,0
"DK05",2018,4509714,589148,7654.63686543958,8.94306686940154,43400,10.6782147200885,76.4,4.33598269617247,13632.94,0.0231400938304127,-3.76618850232367,32.1,1,8112.62002941931,0
"DK05",2019,4695700,589755,7962.11986333308,8.9824505578721,44400,10.7009947484203,76.4,4.33598269617247,13934.72,0.0236279811108002,-3.7453236289788,31.6,1,8112.62002941931,0
"DK05",2020,3918407,589936,6642.08829432345,8.80118169518219,44900,10.7121930737303,76.4,4.33598269617247,14186.9,0.0240482018388435,-3.72769505284126,32,1,8112.62002941931,0
"DK05",2021,4384907,590439,7426.51992839226,8.91281264688244,46800,10.7536384819057,76.5,4.33729074083249,14884.23,0.0252087514544263,-3.68056406481493,35,1,8112.62002941931,0
"DK05",2022,5191975,591740,8774.0815222902,9.07955737303132,48200,10.7831143000387,76.9,4.3425058765116,15843.32,0.0267741237705749,-3.62031938883929,34.8,1,8112.62002941931,0
"DK05",2023,4869732,594634,8189.46108026114,9.01060337251614,50000,10.8197782844103,76.9,4.3425058765116,16182.21,0.0272137314717961,-3.60403359954384,35.1,1,8112.62002941931,0
"DE11",2017,12059396,4098278,2942.55196938812,7.98703250062269,53100,10.87993220723,389.8,5.96563378707346,111480.3,0.0272017418047287,-3.60447427079191,32.6,0,10451.3254789599,1
"DE11",2018,12557709,4126688,3043.04783884801,8.02061487072246,55100,10.916904995141,392,5.97126183979046,117054.24,0.0283651780798548,-3.56259301006873,32.7,0,10451.3254789599,1
"DE11",2019,12904930,4143418,3114.5614562663,8.04384363680528,55100,10.916904995141,393.3,5.97457267943776,121659.99,0.0293622294443863,-3.52804614336442,34.3,0,10451.3254789599,1
"DE11",2020,6203633,4154223,1493.33172533107,7.30876495995311,53200,10.8818136753297,393.3,5.97457267943776,118850.7,0.0286096100281569,-3.5540126026262,34.7,0,10451.3254789599,1
"DE11",2021,6375987,4151094,1535.97750376166,7.33692226761186,58500,10.9767820332199,393.7,5.97558919794969,122932.33,0.029614441397858,-3.51949315156657,35.5,0,10451.3254789599,1
"DE11",2022,10805598,4150949,2603.16327663867,7.864482629358,63300,11.0556406081323,393.1,5.97406403242781,129936.13,0.0313027526958293,-3.46404923974936,36.2,0,10451.3254789599,1
"DE11",2023,12467467,4142738,3009.47513456077,8.00952096863795,67300,11.1169155156328,393.8,5.97584316620503,139588.1,0.0336946483219552,-3.39041625773725,37,0,10451.3254789599,1
"DE12",2017,10436632,2779314,3755.11079352675,8.23087306936262,44700,10.7077287806017,406.3,6.00709180299368,66395.56,0.0238891899224053,-3.73432922686708,31.4,0,6752.40025453291,1
"DE12",2018,10748283,2795783,3844.46253518245,8.25438908938182,46200,10.7407350770698,408.2,6.01175725037574,68857.86,0.0246291861707436,-3.70382310959033,31.2,0,6752.40025453291,1
"DE12",2019,10877160,2805129,3877.59707307578,8.26297092970207,47400,10.7663775076832,409.3,6.01444838349836,71847.61,0.0256129432906651,-3.66465745797626,33,0,6752.40025453291,1
"DE12",2020,5565137,2810854,1979.87408808853,7.59078852979205,45400,10.7232673840294,409.3,6.01444838349836,71060.74,0.0252808363579183,-3.67770862647232,34.5,0,6752.40025453291,1
"DE12",2021,5818742,2807601,2072.49605624161,7.63650898410854,48200,10.7831143000387,409.5,6.01493690329312,73595.81,0.0262130587644042,-3.64149756626583,34.2,0,6752.40025453291,1
"DE12",2022,9365047,2812482,3329.81579971001,8.11067226604214,51900,10.857074069154,411.4,6.01956597721886,77687.1,0.0276222567824434,-3.58913342606799,36.2,0,6752.40025453291,1
"DE12",2023,10614262,2832121,3747.81374100895,8.22892794655486,54100,10.8985894648346,413.7,6.02514107346737,83031.51,0.0293177833856675,-3.52956100558325,37,0,6752.40025453291,1
"DE13",2017,15017608,2239734,6705.08551461915,8.81062154949264,38800,10.5661755256114,242.6,5.49141399650995,46237.76,0.0206443086545099,-3.88031560751359,28.9,0,9405.3355979001,1
"DE13",2018,15566292,2254674,6904.01006974844,8.8398576913005,40000,10.5966347330961,244,5.4971682252932,48291.2,0.0214182626845389,-3.84351132441628,29.5,0,9405.3355979001,1
"DE13",2019,16245293,2264469,7173.99664115517,8.87821818989518,41200,10.6261935353376,244.9,5.50084996395812,50372.71,0.0222448220752856,-3.80564601316989,30.9,0,9405.3355979001,1
"DE13",2020,10582651,2271351,4659.18785779917,8.44659643248903,39500,10.5840559508892,244.9,5.50084996395812,49648.94,0.0218587703970016,-3.8231530468093,33.6,0,9405.3355979001,1
"DE13",2021,11000809,2276924,4831.4344264455,8.48289868525692,41400,10.6310361598134,245.5,5.50329694723457,51291.88,0.0225268300566905,-3.79304823320793,33.6,0,9405.3355979001,1
"DE13",2022,16113684,2285156,7051.45906887757,8.8609898345175,43600,10.6828124293371,247.8,5.51262196919504,54320.51,0.0237710291988818,-3.73928770031928,33.2,0,9405.3355979001,1
"DE13",2023,17075549,2304974,7408.13085093368,8.91033343963299,45900,10.7342203960486,249.7,5.52026019728573,57940.28,0.0251370644527878,-3.68341185062571,34,0,9405.3355979001,1
"DE14",2017,7339422,1834567,4000.6290312646,8.29420688555446,43400,10.6782147200885,212,5.35658627467201,41314.14,0.022519831655099,-3.79335895108943,30.9,0,9331.10286091469,1
"DE14",2018,7843270,1846280,4248.14762657885,8.35423831433744,44800,10.7099634184031,213.2,5.36223069229169,43247.96,0.023424377667526,-3.75397801823186,30.6,0,9331.10286091469,1
"DE14",2019,8910144,1856517,4799.38723965361,8.47624353034146,46000,10.7363966754712,214.2,5.36691015801365,45252.93,0.0243751767422544,-3.71419001116023,31.9,0,9331.10286091469,1
"DE14",2020,5886926,1863966,3158.27971111061,8.05778276312592,44700,10.7077287806017,214.2,5.36691015801365,44852.44,0.0240629067268394,-3.7270837641434,32.2,0,9331.10286091469,1
"DE14",2021,6039522,1867424,3234.14607502099,8.08152020764543,47900,10.776870783399,214.9,5.37017280364846,46836.25,0.0250806726271056,-3.68565774431446,33.1,0,9331.10286091469,1
"DE14",2022,8807654,1876055,4694.77387390029,8.45420522730895,50800,10.8356516335666,216.7,5.37851390854231,49436.85,0.026351492893332,-3.63623034930624,35,0,9331.10286091469,1
"DE14",2023,9481427,1887888,5022.24019645233,8.52163136741732,53500,10.8874369328841,218.2,5.38541207339897,52963.93,0.0280545932809573,-3.57360290708773,37.3,0,9331.10286091469,1
"DE21",2017,37294795,4633323,8049.25428250955,8.99333473040856,59200,10.9886768208721,270.1,5.59879226079857,133778.41,0.0288731025227466,-3.54484482579736,39.5,0,17405.2696744104,2
"DE21",2018,39838583,4649534,8568.295876533,9.05582414427329,60200,11.0054276312969,271.6,5.60433039568454,140017.09,0.0301142200487189,-3.50275779191801,40.6,0,17405.2696744104,2
"DE21",2019,41378778,4686163,8829.99118895352,9.085909295744,62200,11.0381102787273,273.4,5.61093592428985,147577.13,0.0314921034543613,-3.45801844856556,40.5,0,17405.2696744104,2
"DE21",2020,22704376,4710865,4819.57687176347,8.48044141725005,60200,11.0054276312969,273.4,5.61093592428985,147100.75,0.0312258470578121,-3.46650909578641,41.8,0,17405.2696744104,2
"DE21",2021,22905253,4719716,4853.0998475332,8.48737292358738,65000,11.0821425488778,274.4,5.61458689585173,152335.89,0.0322764950263957,-3.43341602182276,43.2,0,17405.2696744104,2
"DE21",2022,37824607,4729243,7998.02568825497,8.98695000123644,70400,11.1619485421461,274.5,5.61495126094959,163305.31,0.0345309619319625,-3.36589891010662,42.3,0,17405.2696744104,2
"DE21",2023,41606109,4705040,8842.88103820584,9.08736801183409,74700,11.2212353711209,274.4,5.61458689585173,176105.96,0.037429216329723,-3.28530369424135,42.6,0,17405.2696744104,2
"DE22",2017,10030043,1219397,8225.41223243948,9.01498369382316,40000,10.5966347330961,119.4,4.7824792009585,24008.57,0.0196888872122861,-3.92770090330215,22.1,0,10058.4868436327,0
"DE22",2018,10171742,1230037,8269.46018696999,9.02032451224403,40400,10.6065850639492,120.3,4.78998862298063,25099,0.0204050772456438,-3.89197152450821,21.5,0,10058.4868436327,0
"DE22",2019,10387379,1238528,8386.87458014675,9.03442321279447,41900,10.6430411059102,121,4.79579054559674,26261.93,0.0212041471811699,-3.85355849468231,22.8,0,10058.4868436327,0
"DE22",2020,6476133,1244169,5205.18755892487,8.55741101477542,41300,10.6286177789491,121,4.79579054559674,25975.28,0.0208776138932894,-3.86907779963914,24.4,0,10058.4868436327,0
"DE22",2021,6338252,1247063,5082.54354431171,8.53356711296442,43800,10.6873890963645,121.5,4.7999142627806,26944.28,0.021606189903798,-3.83477543572497,27.4,0,10058.4868436327,0
"DE22",2022,9091286,1253441,7253.06256935907,8.88917908201296,47400,10.7663775076832,121.8,4.8023803552758,28795.84,0.0229734307398593,-3.77341691601724,27.2,0,10058.4868436327,0
"DE22",2023,9481393,1244102,7621.07367402351,8.93867254085775,49900,10.8177762817396,121.7,4.80155899999348,31040.49,0.0249501166303084,-3.69087678223407,26,0,10058.4868436327,0
"DE23",2017,4917590,1098378,4477.13810728183,8.4067393059407,43100,10.6712782760918,114.2,4.73795129722191,24501.24,0.0223067468576392,-3.80286609660507,24.4,0,9719.42464451773,1
"DE23",2018,4980887,1104407,4510.01034944545,8.41405472727135,44100,10.6942150614349,114.8,4.74319148388547,25751.23,0.0233167935371652,-3.75858142535991,24.9,0,9719.42464451773,1
"DE23",2019,4989473,1109269,4497.98290585963,8.41138433212512,45200,10.7188523658203,115.2,4.74666974826179,26734.53,0.0241010341044418,-3.72550053050809,26.1,0,9719.42464451773,1
"DE23",2020,3135909,1112102,2819.80339932848,7.94442244495166,44600,10.7054891380082,115.2,4.74666974826179,26495.43,0.0238246401858822,-3.73703493193231,29.7,0,9719.42464451773,1
"DE23",2021,3206169,1112267,2882.55337971908,7.9664317705213,47700,10.7726866768764,115.3,4.74753742727501,27462.11,0.0246902137706144,-3.70134831747645,31.1,0,9719.42464451773,1
"DE23",2022,4620206,1116741,4137.22250727787,8.32777994970878,51000,10.8395809117065,115.3,4.74753742727501,28994.19,0.0259632179708634,-3.6510744360125,30.4,0,9719.42464451773,1
"DE23",2023,5047316,1107750,4556.36741141954,8.42428096473513,54200,10.9004361874277,115.3,4.74753742727501,31166.47,0.0281349311667795,-3.5707433726334,31.4,0,9719.42464451773,1
"DE24",2017,4160016,1062394,3915.69982511196,8.27274934726804,38400,10.5558127385758,147.5,4.99382817577987,21765,0.0204867497369149,-3.8879769561116,24.8,0,7189.20358002521,2
"DE24",2018,4267156,1066840,3999.80878107308,8.29400183422761,39700,10.5891064666753,147.9,4.99653636971675,22621.34,0.0212040605901541,-3.85356257837367,24.7,0,7189.20358002521,2
"DE24",2019,4400376,1067482,4122.20159215799,8.32414266664899,41000,10.6213273456864,147.8,4.9958600085141,23542,0.0220537676513515,-3.81427182314363,26.1,0,7189.20358002521,2
"DE24",2020,2726159,1065371,2558.88230484967,7.84732584246813,40200,10.6016222746071,147.8,4.9958600085141,23295.04,0.021865659943813,-3.82283791191493,27.7,0,7189.20358002521,2
"DE24",2021,2917347,1062085,2746.81122509027,7.9181959633445,42900,10.6666271049161,147.4,4.99314997975524,24103.03,0.022694068742144,-3.78565167752901,30.6,0,7189.20358002521,2
"DE24",2022,4271895,1061929,4022.76894217975,8.29972573609202,45200,10.7188523658203,146.4,4.98634260152721,25271.34,0.0237975796875309,-3.7381713972771,27.4,0,7189.20358002521,2
"DE24",2023,4585998,1051868,4359.86074298296,8.38019539615019,47900,10.776870783399,146,4.98360662170834,27034.64,0.0257015519057524,-3.66120390346625,26.3,0,7189.20358002521,2
"DE25",2017,7577394,1750059,4329.79345267788,8.37327511839871,45400,10.7232673840294,243.3,5.49429524978948,44050.53,0.0251708828102367,-3.68206739654309,30.1,0,7344.6519873823,0
"DE25",2018,8121234,1759643,4615.27366630618,8.43712644448676,47000,10.7579028806922,244.7,5.50003297044863,45798.16,0.0260269611506425,-3.64862231090748,30.7,0,7344.6519873823,0
"DE25",2019,8140030,1770401,4597.84534690163,8.43334306989483,48200,10.7831143000387,245.7,5.50411127952713,47723.37,0.0269562488950243,-3.61354013855957,30.9,0,7344.6519873823,0
"DE25",2020,4155032,1775169,2340.64024326698,7.75817977916159,46900,10.7557729544344,245.7,5.50411127952713,47193.11,0.0265851364010976,-3.6274030012849,33.8,0,7344.6519873823,0
"DE25",2021,4535674,1775704,2554.29621153075,7.84553200932344,49600,10.811746112713,246.1,5.50573795739701,48726.02,0.0274403954713173,-3.59573906400829,32.8,0,7344.6519873823,0
"DE25",2022,7788121,1777143,4382.38284707533,8.38534788445299,52400,10.8666618703091,246.7,5.50817302353531,51340.66,0.0288894365844504,-3.54427926679003,33.5,0,7344.6519873823,0
"DE25",2023,8666671,1782419,4862.30846955738,8.48926859785681,55500,10.9241382997345,247.7,5.51221833649531,54754.86,0.030719409970383,-3.48286057758038,36,0,7344.6519873823,0
"DE26",2017,5320270,1309209,4063.72855670867,8.30985619487917,41400,10.6310361598134,154.4,5.03954663759068,27587.68,0.0210720213502962,-3.8598091207748,27.7,0,8382.10337220886,1
"DE26",2018,5472903,1313375,4167.05282192824,8.33496430759079,42200,10.6501755000241,154.8,5.04213396115563,28815.65,0.0219401541829257,-3.81943679667909,27.4,0,8382.10337220886,1
"DE26",2019,5536163,1317124,4203.2208053304,8.34360636879778,43200,10.6735957742322,155.1,5.04407007018249,30110.54,0.0228608240378279,-3.77833057411608,28.8,0,8382.10337220886,1
"DE26",2020,3331163,1317619,2528.16861323342,7.83525045131523,42100,10.6478030196705,155.1,5.04407007018249,29772.71,0.0225958414382306,-3.78998939679323,31.3,0,8382.10337220886,1
"DE26",2021,3565620,1317507,2706.33856214806,7.90335191625851,44000,10.6919449129004,155.1,5.04407007018249,30906.27,0.0234581448144109,-3.7525375175533,30.8,0,8382.10337220886,1
"DE26",2022,5144766,1320513,3896.03585879124,8.26771486872193,47400,10.7663775076832,154.9,5.04277974742282,32532.82,0.0246365011173688,-3.70352615050657,29.8,0,8382.10337220886,1
"DE26",2023,5626392,1310561,4293.1172223193,8.364768373307,50800,10.8356516335666,154.5,5.0401940963378,34751.7,0.0265166596594893,-3.62998207712207,32.3,0,8382.10337220886,1
"DE27",2017,14340572,1857991,7718.32156345214,8.95135220532035,40000,10.5966347330961,188.7,5.2401584523745,38637.99,0.0207955743596175,-3.8730150860861,25.9,0,10008.2880171263,1
"DE27",2018,15014278,1873368,8014.59083319455,8.98901901360887,40700,10.6139833714307,190.2,5.24807615011129,40480.7,0.0216085147178771,-3.83466784206667,26.7,0,10008.2880171263,1
"DE27",2019,15208644,1887754,8056.47557891547,8.99423146678151,42500,10.6572593549125,191.5,5.2548878086207,42342.54,0.0224301153646079,-3.79735078714591,27.9,0,10008.2880171263,1
"DE27",2020,10636327,1899442,5599.71138892369,8.63047033770293,41500,10.6334487062188,191.5,5.2548878086207,41869.4,0.0220429999968412,-3.81476018795124,32.4,0,10008.2880171263,1
"DE27",2021,10094889,1905841,5296.815946346,8.57486115416833,42900,10.6666271049161,192.5,5.26009615372784,43353.43,0.0227476636298621,-3.78329283644742,30.4,0,10008.2880171263,1
"DE27",2022,14568425,1917979,7595.71663714775,8.93533976701673,45600,10.7276629955025,193.3,5.26424338621429,45868.31,0.0239149177337187,-3.73325284180065,29.8,0,10008.2880171263,1
"DE27",2023,15261763,1903481,8017.81735672697,8.98942151378698,48100,10.7810374560939,193.4,5.26476058301919,49117.06,0.0258038089164011,-3.65723316553251,31.2,0,10008.2880171263,1
"DE30",2017,30959445,3574830,8660.39643843204,9.06651577861863,40900,10.6188853420309,4248.4,8.35429772044738,75873.51,0.0212243687112394,-3.85260528992484,40.5,0,876.407492855715,2
"DE30",2018,32679129,3613495,9043.63476357377,9.10981644819205,42900,10.6666271049161,4289.8,8.3639953907887,81089.19,0.0224406537161391,-3.79688106701671,42.1,0,876.407492855715,2
"DE30",2019,33922464,3644826,9307.01877126645,9.13852410108133,44800,10.7099634184031,4322.9,8.37168175231588,87047.34,0.0238824404786401,-3.73461179808156,43.1,0,876.407492855715,2
"DE30",2020,12109817,3669491,3300.13535937273,8.10171876460509,44700,10.7077287806017,4322.9,8.37168175231588,89391.6,0.0243607628414949,-3.71478152129845,42.9,0,876.407492855715,2
"DE30",2021,13792693,3664088,3764.29086855993,8.23331477417016,48200,10.7831143000387,4334.3,8.37431539982068,95318.14,0.0260141514068439,-3.64911460415133,46.7,0,876.407492855715,2
"DE30",2022,26322507,3677472,7157.77224136581,8.87595407206671,51700,10.8532130604965,4320.5,8.37112641528145,103425.5,0.0281240754518321,-3.57112929182162,48.2,0,876.407492855715,2
"DE30",2023,29383378,3632853,8088.23753672389,8.99816612930019,54700,10.9096189884101,4311.6,8.36906434390747,112241.87,0.0308963423513145,-3.4771174725924,45.1,0,876.407492855715,2
"DE40",2017,11163579,2494648,4475.01170505819,8.406264246361,29000,10.2750511089686,86.1,4.45550941143368,35517.52,0.0142374876134829,-4.25187682020163,26.9,0,29308.0067211974,1
"DE40",2018,11606866,2504040,4635.25582658424,8.44144667099335,29700,10.2989023247908,86.4,4.45898767581001,37152.57,0.0148370513250587,-4.21062775875825,28.2,0,29308.0067211974,1
"DE40",2019,12024085,2511917,4786.81620451631,8.47362079394397,30900,10.3385114628858,86.7,4.4624538837865,38899.73,0.0154860729872842,-4.16781417591466,28.8,0,29308.0067211974,1
"DE40",2020,8510752,2521893,3374.74746152989,8.12407577429364,30500,10.3254819625955,86.7,4.4624538837865,39686.25,0.0157366906526169,-4.1517603088854,29.2,0,29308.0067211974,1
"DE40",2021,8476711,2531071,3349.06093112362,8.1164352664548,32500,10.3889953683178,87.1,4.46705688385846,41398.27,0.016356028732501,-4.11315871978643,31.3,0,29308.0067211974,1
"DE40",2022,11722289,2537868,4618.95141906514,8.43792299274488,35700,10.4829059677677,87.6,4.47278099794235,43951.85,0.0173184145117083,-4.05598492093241,29.5,0,29308.0067211974,1
"DE40",2023,12307927,2545159,4835.81850878472,8.4838056818296,37500,10.5320962119585,87.9,4.47619980469113,47281.43,0.0185770044229064,-3.98583078448783,30.4,0,29308.0067211974,1
"DE50",2017,2357916,678753,3473.8940380374,8.15303144490738,47900,10.776870783399,1738.9,7.46100800838802,18268.14,0.0269142677822418,-3.61509873216031,28.4,0,384.230518010515,1
"DE50",2018,2502898,681032,3675.15476512117,8.20935052371835,48600,10.7913788098886,1744.3,7.46410860802409,18772.11,0.0275642113733275,-3.59123703706035,28.4,0,384.230518010515,1
"DE50",2019,2725181,682986,3990.09789366107,8.29157104433508,48600,10.7913788098886,1744.5,7.46422326062683,19383.05,0.0283798643017573,-3.56207538873605,28.8,0,384.230518010515,1
"DE50",2020,1410560,681202,2070.69268733797,7.635638461847,47100,10.7600282800045,1744.5,7.46422326062683,19113.53,0.0280585347664863,-3.57346242354413,30.8,0,384.230518010515,1
"DE50",2021,1572848,680130,2312.5696558011,7.74611459036044,51600,10.8512769514697,1740.8,7.46210005666162,19627.15,0.0288579389234411,-3.54537014456086,33.6,0,384.230518010515,1
"DE50",2022,2482611,676463,3669.98786334212,8.2079436340519,56700,10.9455294897158,1754.8,7.47011016929206,20894.51,0.0308878830032093,-3.47739130780226,31,0,384.230518010515,1
"DE50",2023,2710499,695758,3895.74967158121,8.26764141002391,58000,10.9681982895286,1788.3,7.48902072689399,22386.84,0.0321761876974465,-3.43652861250769,29.9,0,384.230518010515,1
"DE60",2017,13788350,1810438,7616.02993308802,8.9380105067534,68100,11.1287324921376,2564.1,7.84936281884008,58777.66,0.0324659888932954,-3.42756223319619,35.7,0,767.310525349932,1
"DE60",2018,14483077,1830584,7911.72489216556,8.97610110173816,69300,11.146200185178,2585.7,7.85775154332146,61624.77,0.0336639946596277,-3.39132642050439,36.9,0,767.310525349932,1
"DE60",2019,15381216,1841179,8354.00360312604,9.03049617636252,72400,11.1899615783738,2597.5,7.86230472297338,64963.54,0.0352836633483219,-3.34433521683049,37.1,0,767.310525349932,1
"DE60",2020,6840780,1847253,3703.21769676379,8.21695736848178,69200,11.1447561416058,2597.5,7.86230472297338,64807.16,0.0350829907976872,-3.35003885862177,36.7,0,767.310525349932,1
"DE60",2021,7517220,1852478,4057.92673381276,8.30842746546988,77000,11.2515607008358,2605.4,7.86534149326346,67443.16,0.0364069964663548,-3.31299431219539,41.4,0,767.310525349932,1
"DE60",2022,14663644,1853935,7909.4703967507,8.97581610488565,87000,11.3736633976367,2596.2,7.86180411645889,72233.98,0.0389625202609584,-3.24515511387705,38.1,0,767.310525349932,1
"DE60",2023,15894864,1832675,8673.0402280819,9.06797466898592,84200,11.3409502002304,2594.6,7.86118764113691,78264.42,0.0427050186203227,-3.15343883356205,40,0,767.310525349932,1
"DE71",2017,19377584,3951234,4904.18537601165,8.49784427788278,53000,10.8780471925343,536.1,6.28432071083349,105983.2,0.0268228102916709,-3.61850262318509,34.4,0,7345.96823867597,3
"DE71",2018,20184209,3978050,5073.89525018539,8.5318640955207,53900,10.8948857568971,539.3,6.29027200234318,111321.66,0.0279839770741946,-3.57612317995313,33.9,0,7345.96823867597,3
"DE71",2019,20759536,3998724,5191.54010129231,8.5547856761271,55000,10.9150884642146,542.2,6.29563493706457,116355.08,0.0290980522786769,-3.53708403904897,34.8,0,7345.96823867597,3
"DE71",2020,9017690,4019961,2243.22823032363,7.71567128160578,53300,10.8836916101539,542.2,6.29563493706457,115424.22,0.0287127710940479,-3.55041326933808,32.7,0,7345.96823867597,3
"DE71",2021,9181675,4026618,2280.2448605753,7.73203811117123,57300,10.9560559027028,544.1,6.29913305349188,119702.44,0.0297277864451011,-3.5156731000047,34.1,0,7345.96823867597,3
"DE71",2022,16884118,4026564,4193.1825745226,8.34121528891839,60800,11.0153450679543,542.8,6.29674092796071,126893.23,0.0315140228740931,-3.45732266160345,34.6,0,7345.96823867597,3
"DE71",2023,19805806,4001146,4950.03331545512,8.50714958593506,64100,11.0681996429088,542.6,6.29637240022483,137102.41,0.0342657853524965,-3.37360793424505,37.1,0,7345.96823867597,3
"DE72",2017,2256170,1043643,2161.82161907855,7.67870648743101,35100,10.465956409454,194.3,5.26940335638339,19860.82,0.0190302814276529,-3.96172380915217,28.6,0,5407.69064898262,0
"DE72",2018,2290230,1045807,2189.91649510856,7.69161869199616,36200,10.4968143978139,194.7,5.27145991237815,20832.47,0.0199199947982754,-3.91603128795647,27.5,0,5407.69064898262,0
"DE72",2019,2305426,1047262,2201.38418084491,7.69684161461131,37400,10.5294259834026,194.9,5.27248660651351,21583.39,0.0206093508596703,-3.88201038095278,28.8,0,5407.69064898262,0
"DE72",2020,1309117,1048646,1248.38792118599,7.12960833491405,36700,10.5105320340427,194.9,5.27248660651351,21592.07,0.0205904280376791,-3.88292896953885,30,0,5407.69064898262,0
"DE72",2021,1348832,1048740,1286.14527909682,7.15940486816566,38800,10.5661755256114,195.1,5.27351224762907,22358.37,0.02131926883689,-3.84814397497754,31,0,5407.69064898262,0
"DE72",2022,2066100,1050765,1966.28170904056,7.58389958090008,40500,10.6090572530946,194.2,5.26888855585722,23545.43,0.0224078932967885,-3.79834200287124,31.3,0,5407.69064898262,0
"DE72",2023,2235000,1036748,2155.7794179492,7.67590761601055,43400,10.6782147200885,193.3,5.26424338621429,25138.83,0.0242477728435454,-3.71943050731962,30.9,0,5407.69064898262,0
"DE73",2017,6954168,1218211,5708.5086245322,8.64971308193808,36800,10.513253124157,147.4,4.99314997975524,25806.15,0.0211836455261034,-3.85452583246311,25.6,0,8238.86551973131,1
"DE73",2018,6769866,1219405,5551.77812129686,8.62187353764471,37900,10.5427063910705,147.5,4.99382817577987,26960.08,0.0221092089994711,-3.81176106044379,25.4,0,8238.86551973131,1
"DE73",2019,7013627,1219823,5749.70876922308,8.65690448367793,39800,10.5916221912725,147.5,4.99382817577987,27948.34,0.0229117994987797,-3.77610323916836,25.8,0,8238.86551973131,1
"DE73",2020,4130577,1219473,3387.18200402961,8.12775358743239,38600,10.5610075554529,147.5,4.99382817577987,27648.21,0.0226722608864649,-3.78661308911056,28.1,0,8238.86551973131,1
"DE73",2021,4142563,1217796,3401.68878859842,8.13202728981733,40900,10.6188853420309,147.4,4.99314997975524,28606.35,0.0234902643792556,-3.75116922540421,26.9,0,8238.86551973131,1
"DE73",2022,6359700,1217688,5222.76642292607,8.56078250657205,44500,10.7032444681543,146.2,4.98497554731568,30109.97,0.0247271632799206,-3.69985291167399,25.9,0,8238.86551973131,1
"DE73",2023,6766112,1199039,5642.945725702,8.63816149993636,46800,10.7536384819057,145.2,4.9781121023907,32339.45,0.0269711410554619,-3.61298783440282,27.4,0,8238.86551973131,1
"DE80",2017,26534830,1610674,16474.3641481765,9.70956076367455,28500,10.2576593662567,71.4,4.26829786934554,23498.29,0.0145891036919948,-4.22748035137121,26.5,0,23084.2658402604,2
"DE80",2018,27636295,1611119,17153.4784208988,9.74995625540423,28700,10.2646524017477,71.3,4.26689632742025,24595.73,0.0152662404204779,-4.18211139697591,25.5,0,23084.2658402604,2
"DE80",2019,30880385,1609675,19184.2359482504,9.86184417641239,30700,10.3320179335753,71.3,4.26689632742025,25862.93,0.0160671750508643,-4.13097690492432,26,0,23084.2658402604,2
"DE80",2020,25355517,1608138,15767.0032049488,9.66567463050687,30200,10.315597203363,71.3,4.26689632742025,26152.2,0.0162624103155326,-4.11889894996071,27.3,0,23084.2658402604,2
"DE80",2021,23814997,1610774,14784.8158711278,9.60135597844696,32300,10.3828225092107,71.3,4.26689632742025,26944.65,0.0167277656580004,-4.09068532592091,27.3,0,23084.2658402604,2
"DE80",2022,28969968,1611160,17980.8138235805,9.79706056971433,35800,10.4857031723888,70.6,4.2570301444992,28568.35,0.0177315412497828,-4.03241023375236,25.5,0,23084.2658402604,2
"DE80",2023,29016887,1576049,18411.1579018165,9.82071216751364,37400,10.5294259834026,69.9,4.24706564923976,30582.2,0.0194043459308689,-3.94225822094583,27,0,23084.2658402604,2
"DE91",2017,5933484,1595609,3718.63282295349,8.22111135900348,47100,10.7600282800045,197.3,5.28472541302857,35750.6,0.0224056144080411,-3.79844370831079,27.2,0,8129.40760139753,1
"DE91",2018,6228103,1595734,3902.97067055035,8.26949325256113,49900,10.8177762817396,197.4,5.28523212699938,37597.34,0.0235611574360138,-3.74815579424018,28.5,0,8129.40760139753,1
"DE91",2019,6580240,1596396,4121.93465781673,8.32407790926671,51000,10.8395809117065,197.3,5.28472541302857,39264.22,0.0245955389514882,-3.70519019592397,29.2,0,8129.40760139753,1
"DE91",2020,3839100,1594929,2407.06639605901,7.78616402197222,48100,10.7810374560939,197.3,5.28472541302857,38858.68,0.0243638933143732,-3.7146530248398,32,0,8129.40760139753,1
"DE91",2021,3727788,1590577,2343.67025299624,7.75947346375157,49000,10.7995755770928,197,5.28320372873799,39253.21,0.0246785977667224,-3.70181889814244,31.2,0,8129.40760139753,1
"DE91",2022,5775091,1591424,3628.88268619802,8.19668007993332,50300,10.8257603560878,196.7,5.28167972539501,41164.58,0.0258665069773989,-3.6548063140343,32.8,0,8129.40760139753,1
"DE91",2023,6390015,1589602,4019.88359350328,8.29900822435383,55900,10.9313196591432,196.8,5.28218798461815,43987.9,0.0276722726820928,-3.58732435331615,34.4,0,8129.40760139753,1
"DE92",2017,6094037,2139976,2847.71277808723,7.9542714170554,38800,10.5661755256114,238.2,5.4731106569212,43258.24,0.0202143575441968,-3.90136215753731,25.7,0,9198.4052407385,2
"DE92",2018,6193698,2144120,2888.6899986941,7.96855839069148,39900,10.594131602878,238.8,5.47562638151845,45592.1,0.02126378187788,-3.85075003487613,27.4,0,9198.4052407385,2
"DE92",2019,6424143,2149805,2988.24451520022,8.00244137530094,41400,10.6310361598134,239,5.47646355193151,47587.84,0.0221358867432162,-3.81055515291753,28.3,0,9198.4052407385,2
"DE92",2020,3347916,2148238,1558.44743459524,7.35144537043533,40600,10.6115233455898,239,5.47646355193151,47503.74,0.0221128850713934,-3.81159480545257,28.3,0,9198.4052407385,2
"DE92",2021,3677597,2147704,1712.33885116385,7.44561546419839,43200,10.6735957742322,238.9,5.47604505433176,49126.47,0.0228739481790787,-3.77775665012018,30.2,0,9198.4052407385,2
"DE92",2022,5803846,2149859,2699.6403019919,7.90087382163317,45200,10.7188523658203,237.3,5.46932516344172,51251.98,0.0238396936729339,-3.73640328615723,30.5,0,9198.4052407385,2
"DE92",2023,6501502,2117034,3071.04278910967,8.02977245362597,48300,10.7851868396407,235.8,5.46298398810327,55013.25,0.0259860021142788,-3.65019726615937,31,0,9198.4052407385,2
"DE93",2017,9057879,1703945,5315.82826910493,8.57844411477878,28200,10.2470772569262,110.8,4.70772677431318,24025.2,0.0140997508722406,-4.26159815038953,23.1,0,15487.4296654828,0
"DE93",2018,9362857,1706464,5486.70056913008,8.61008236460767,29500,10.2921455423279,111,4.70953020131233,25184.31,0.0147581841749958,-4.21595749075208,23.5,0,15487.4296654828,0
"DE93",2019,9517515,1710914,5562.82489943971,8.6238613336568,30800,10.3352699689617,111.4,4.71312732749318,26383.16,0.0154205062323413,-4.17205708179171,24,0,15487.4296654828,0
"DE93",2020,6578786,1716448,3832.79073994668,8.25134846956377,30700,10.3320179335753,111.4,4.71312732749318,26593.95,0.015493594912284,-4.16732857192614,26.9,0,15487.4296654828,0
"DE93",2021,6989410,1722474,4057.77387641265,8.3083897959186,32400,10.3859137017804,111.7,4.71581670607516,27474.56,0.0159506384421477,-4.13825642283151,26.7,0,15487.4296654828,0
"DE93",2022,9412588,1731531,5435.99161666756,8.60079723308213,35300,10.4716382429214,112,4.71849887129509,29158.56,0.0168397562619439,-4.084012744029,27.7,0,15487.4296654828,0
"DE93",2023,9566801,1716631,5573.0095751504,8.6256905057002,36500,10.5050675395706,111.7,4.71581670607516,31010.79,0.0180649131933421,-4.01378371963393,27.3,0,15487.4296654828,0
"DE94",2017,16467452,2506155,6570.80348182774,8.79039139956094,35600,10.4801009168401,168.6,5.12752904556775,45114.3,0.0180014005518414,-4.01730571567726,20.6,0,14824.3376173173,0
"DE94",2018,17213746,2516457,6840.46896092403,8.83061156980496,36400,10.5023240536248,169.2,5.13108144717212,47680.98,0.0189476633218847,-3.96607466260896,21.5,0,14824.3376173173,0
"DE94",2019,17615266,2525333,6975.42304321846,8.85014825620783,37900,10.5427063910705,169.8,5.13462127387725,49925.94,0.0197700422082949,-3.92358750683503,22.8,0,14824.3376173173,0
"DE94",2020,12112631,2533993,4780.05700883941,8.47220775194982,37500,10.5320962119585,169.8,5.13462127387725,50197.22,0.0198095338069205,-3.92159195176815,25,0,14824.3376173173,0
"DE94",2021,12899588,2542666,5073.25303441349,8.53173751497713,39700,10.5891064666753,170.4,5.13814861439522,52022.39,0.020459781190294,-3.88929421302738,26.5,0,14824.3376173173,0
"DE94",2022,16980882,2554217,6648.17515504752,8.80209768321702,44100,10.6942150614349,171.6,5.14516618705386,55216.77,0.0216178852462418,-3.83423428625266,27.9,0,14824.3376173173,0
"DE94",2023,17302498,2559680,6759.63323540443,8.81872391244746,45700,10.7298535768823,172.2,5.14865659199363,59033.94,0.0230630156894612,-3.76952499691274,27.5,0,14824.3376173173,0
"DEA1",2017,11712951,5190790,2256.48716284034,7.72156453028138,41500,10.6334487062188,1004.8,6.91254379571393,114444.86,0.0220476767505524,-3.81454804542707,26.1,0,5285.70064110313,1
"DEA1",2018,11970809,5198820,2302.60116718794,7.74179470513944,42900,10.6666271049161,1005.9,6.91363794214029,119868.31,0.023056830203777,-3.76979323222886,25.9,0,5285.70064110313,1
"DEA1",2019,12352555,5202321,2374.43152777385,7.77251333109155,43400,10.6782147200885,1006.7,6.91443293373538,125245.5,0.0240749273257071,-3.72658433996472,26.5,0,5285.70064110313,1
"DEA1",2020,5370950,5207457,1031.39593855504,6.938668443811,42500,10.6572593549125,1006.7,6.91443293373538,125326.57,0.0240667508152252,-3.72692402528008,28.9,0,5285.70064110313,1
"DEA1",2021,5596486,5200090,1076.22868065745,6.9812182466328,45000,10.7144177687525,1006.5,6.91423424507985,129228.63,0.024851229497951,-3.69484805088472,29.3,0,5285.70064110313,1
"DEA1",2022,10812527,5197679,2080.26063171658,7.6402484685554,48600,10.7913788098886,1007.8,6.9155250162465,136424.14,0.0262471268425772,-3.64019874955109,28.7,0,5285.70064110313,1
"DEA1",2023,12736241,5222540,2438.70626170408,7.79922295705751,50700,10.8336811895793,1011.7,6.91938736321184,145543.68,0.0278683705629828,-3.5802629048242,29.3,0,5285.70064110313,1
"DEA2",2017,13579080,4439416,3058.75367390666,8.0257628158699,42500,10.6572593549125,609.7,6.41296703291377,97746.37,0.022017844238972,-3.81590205261765,30.3,0,7342.1730236635,3
"DEA2",2018,13582066,4454228,3049.25253040482,8.02265176756799,44200,10.6964800680658,611.8,6.4164054317168,102751.39,0.0230682825396455,-3.7692966551834,30.5,0,7342.1730236635,3
"DEA2",2019,14196715,4468904,3176.77779607707,8.06362269039356,44900,10.7121930737303,613.4,6.41901725168015,107530.44,0.0240619265931871,-3.7271244971116,30.9,0,7342.1730236635,3
"DEA2",2020,6478432,4478847,1446.45083879847,7.2768681375258,43800,10.6873890963645,613.4,6.41901725168015,107265.14,0.0239492753380502,-3.73181721286689,32.2,0,7342.1730236635,3
"DEA2",2021,6814105,4475530,1522.52470657107,7.32812522708527,46200,10.7407350770698,613.9,6.41983204843345,110736.51,0.024742658411406,-3.69922646381295,34.8,0,7342.1730236635,3
"DEA2",2022,12304379,4472956,2750.83837176131,7.91966100665816,49500,10.8097279485568,612.5,6.41754894241888,117220.22,0.026206432614137,-3.64175037872654,34.4,0,7342.1730236635,3
"DEA2",2023,13834269,4461422,3100.86537431339,8.03943650452161,51600,10.8512769514697,612.9,6.41820179049169,125035.63,0.0280259589879639,-3.57462409159192,37,0,7342.1730236635,3
"DEA3",2017,3948279,2619376,1507.33571659815,7.31809894528188,33600,10.4222813459513,379.6,5.93911806673577,46112.12,0.0176042385667426,-4.03961557827653,23.8,0,6947.50918191962,0
"DEA3",2018,4133999,2621153,1577.16813936462,7.36338620104152,34400,10.4458118433615,379.9,5.93990806019358,48369.95,0.0184536919439651,-3.99249082315005,24.4,0,6947.50918191962,0
"DEA3",2019,4249702,2623619,1619.78625707467,7.39004947944421,35700,10.4829059677677,380.1,5.9404343759952,50384.9,0.0192043509366261,-3.95261841433825,25.7,0,6947.50918191962,0
"DEA3",2020,2508864,2624625,955.894270610087,6.86264731133911,35400,10.4744670991219,380.1,5.9404343759952,50842.08,0.01937117873982,-3.94396894952627,26.6,0,6947.50918191962,0
"DEA3",2021,2883347,2624719,1098.53550037166,7.00173320843644,37200,10.5240640402612,380.2,5.94069743005433,53156.72,0.0202523470131469,-3.89948459026189,27.4,0,6947.50918191962,0
"DEA3",2022,4128872,2631237,1569.17525863311,7.35830544734461,39800,10.5916221912725,381.8,5.94489691129165,56017.57,0.021289442950217,-3.849543965275,27.4,0,6947.50918191962,0
"DEA3",2023,4589181,2640307,1738.12401360902,7.46056165748517,41700,10.6382564077869,383.5,5.94933962080731,59763.31,0.0226349852498213,-3.788258549748,27.6,0,6947.50918191962,0
"DEA4",2017,4026514,2054205,1960.13250868341,7.58076735641048,37900,10.5427063910705,316.1,5.75605861922157,41111.11,0.0200131486390112,-3.9113657894913,22.8,0,6503.45346988586,1
"DEA4",2018,4018140,2054343,1955.92459487048,7.57861829917195,39200,10.5764320257786,316.2,5.75637492477537,43229.91,0.0210431802284234,-3.86117875099384,23.5,0,6503.45346988586,1
"DEA4",2019,4124156,2055310,2006.58586782529,7.60418998362075,40400,10.6065850639492,316.3,5.7566911303116,45069.09,0.0219281227649357,-3.81998532145046,24,0,6503.45346988586,1
"DEA4",2020,2324899,2055724,1130.93927005765,7.03080377888104,40500,10.6090572530946,316.3,5.7566911303116,44984.74,0.0218826749116126,-3.82206005517072,25.9,0,6503.45346988586,1
"DEA4",2021,2447507,2054178,1191.47756426171,7.082949466535,42000,10.6454248972655,316.2,5.75637492477537,46847.03,0.022805730564732,-3.78074343404407,26.6,0,6503.45346988586,1
"DEA4",2022,3727074,2057480,1811.47520267512,7.50189682140628,44400,10.7009947484203,317.6,5.76079272937298,49370.2,0.0239954701868305,-3.72989020866364,26.7,0,6503.45346988586,1
"DEA4",2023,4026327,2070052,1945.03664642241,7.57303609722333,46500,10.7472075915754,318.7,5.76425022142329,52413.11,0.0253197069445598,-3.67617225584266,28.5,0,6503.45346988586,1
"DEA5",2017,8604755,3586313,2399.33184861444,7.78294558116591,35200,10.4688013615862,449.5,6.10813585391167,69126.23,0.0192750130844686,-3.94894568070192,22.4,0,8004.14539329033,0
"DEA5",2018,8695022,3583590,2426.34397350143,7.79414086572756,36500,10.5050675395706,449.3,6.10769081607611,72536.95,0.020241419916899,-3.90002428302656,22.7,0,8004.14539329033,0
"DEA5",2019,8919177,3582497,2489.65372476237,7.81989891342763,37300,10.5267486056319,449.1,6.10724558009369,75513.78,0.0210785326547377,-3.85950016614078,23.1,0,8004.14539329033,0
"DEA5",2020,5148180,3580568,1437.81098417905,7.27087708609428,36300,10.4995730202529,449.1,6.10724558009369,74930.63,0.0209270233102681,-3.86671397383938,25.5,0,8004.14539329033,0
"DEA5",2021,5094058,3571053,1426.48624929398,7.26296953113564,38600,10.5610075554529,448.4,6.105685691198,77493.66,0.0217005068252977,-3.83041966270397,26.7,0,8004.14539329033,0
"DEA5",2022,8049143,3565239,2257.67276751993,7.72208981282571,41200,10.6261935353376,447.4,6.10345304905603,81257.24,0.0227915267391611,-3.78136644634218,26.4,0,8004.14539329033,0
"DEA5",2023,8860961,3570099,2481.99307638248,7.81681717622902,42900,10.6666271049161,447.9,6.10456999321325,86336.48,0.0241832173281469,-3.72209638523795,27.3,0,8004.14539329033,0
"DEB1",2017,8146320,1492187,5459.31575600109,8.6050787414721,33400,10.4163111789648,186.1,5.2262841636482,25728.88,0.0172423965628973,-4.06038401163885,24.3,0,8123.66650516227,2
"DEB1",2018,8142484,1493055,5453.57270830612,8.60402621569142,34200,10.4399809230507,186.4,5.22789490225149,26904.9,0.0180200327516401,-4.0162712092875,25.5,0,8123.66650516227,2
"DEB1",2019,8295298,1495885,5545.41157909866,8.62072612229567,35300,10.4716382429214,186.7,5.22950305054768,28087.99,0.0187768377916752,-3.97513120107975,26.4,0,8123.66650516227,2
"DEB1",2020,5443057,1498223,3633.00857082023,8.1978163913762,35200,10.4688013615862,186.7,5.22950305054768,28127.56,0.0187739475365149,-3.97528513954685,27.3,0,8123.66650516227,2
"DEB1",2021,4824116,1500830,3214.29875468907,8.07536449614335,36600,10.5078035193895,187,5.23110861685459,29115.86,0.0193998387558884,-3.94249052449954,27.2,0,8123.66650516227,2
"DEB1",2022,7356772,1503189,4894.10978925471,8.49578767719086,39600,10.5865843972426,188.7,5.2401584523745,30952.44,0.0205911831446345,-3.88289229749354,26.2,0,8123.66650516227,2
"DEB1",2023,7770654,1522385,5104.26337621561,8.53783142561641,41900,10.6430411059102,190.2,5.24807615011129,33031.59,0.0216972644896002,-3.83056908676909,27.6,0,8123.66650516227,2
"DEB2",2017,5794226,528728,10958.8030140261,9.301898340489,31100,10.3449630981673,107.9,4.68120487226409,8437.75,0.0159585836195549,-4.13775843654053,27.5,0,4807.85897717223,1
"DEB2",2018,6005613,529597,11339.9679378848,9.33608874993073,32100,10.3766113091181,108.2,4.68398136641238,8782.69,0.0165837230951082,-4.09933360109924,28.4,0,4807.85897717223,1
"DEB2",2019,6080534,531007,11450.948857548,9.34582787520373,33300,10.4133126759685,108.5,4.68675017298051,9095.68,0.0171291150587469,-4.06697562829889,29.4,0,4807.85897717223,1
"DEB2",2020,4259216,533113,7989.3305922009,8.98586225454976,33100,10.4072885613652,108.5,4.68675017298051,9140.36,0.0171452581347669,-4.06603363720119,31.6,0,4807.85897717223,1
"DEB2",2021,3808288,534438,7125.78072666988,8.87147457480684,33800,10.4282160814711,108.9,4.69043002993891,9403.63,0.0175953618567542,-4.04011994253463,28.9,0,4807.85897717223,1
"DEB2",2022,5874451,536772,10944.0339660042,9.30054974347632,36600,10.5078035193895,108.3,4.68490515400694,9886.95,0.0184192729874137,-3.99435771758678,29.9,0,4807.85897717223,1
"DEB2",2023,6042275,524876,11511.8142189774,9.35112911040514,38600,10.5610075554529,107.3,4.67562864963665,10498,0.0200009145017109,-3.91197728138796,29.2,0,4807.85897717223,1
"DEB3",2017,5484928,2045138,2681.93539995834,7.8942939770334,38000,10.5453414387085,301.4,5.7084382861924,38736.38,0.0189407169589534,-3.96644133771925,27.1,0,6919.73560431927,2
"DEB3",2018,5686119,2051027,2772.32771679749,7.92744257727481,38400,10.5558127385758,302.4,5.71175064430538,40571.12,0.0197808805052298,-3.92303943885266,28.5,0,6919.73560431927,2
"DEB3",2019,5932032,2057952,2882.49288613145,7.96641078418924,39400,10.581521095286,303.2,5.71439265376822,42200.08,0.0205058621386699,-3.88704447573207,30.1,0,6919.73560431927,2
"DEB3",2020,3791973,2062567,1838.47264113117,7.51669041954884,38200,10.5505907945947,303.2,5.71439265376822,41994.17,0.020360148300637,-3.89417580340507,32.7,0,6919.73560431927,2
"DEB3",2021,3743192,2063123,1814.33293119218,7.50347314811928,46900,10.7557729544344,303.6,5.71571104552148,43355.78,0.0210146365485722,-3.86253610553199,31.8,0,6919.73560431927,2
"DEB3",2022,5690425,2066524,2753.62154032569,7.92067224803188,48500,10.7893190769256,303.7,5.7160403720517,47063.2,0.0227740882757713,-3.78213186843669,32.5,0,6919.73560431927,2
"DEB3",2023,6054621,2061294,2937.2913325319,7.98524312019543,47300,10.76426557448,304.1,5.71735659468332,49098.26,0.0238191446732004,-3.73726562362578,33.8,0,6919.73560431927,2
"DEC0",2017,2255042,996651,2262.61951274819,7.7242784974931,36100,10.494048144321,388.1,5.96126303837486,19856.24,0.0199229619997371,-3.91588234311374,23,0,2511.12830700474,1
"DEC0",2018,2313198,994187,2326.72324220695,7.75221622292747,36600,10.5078035193895,386.9,5.95816626170647,20706.84,0.0208279126562709,-3.87146123726283,24.5,0,2511.12830700474,1
"DEC0",2019,2368544,990509,2391.23925173825,7.77956702591456,36900,10.5159668300286,385.5,5.95454119300338,21215.93,0.0214192198152667,-3.84346663781604,25,0,2511.12830700474,1
"DEC0",2020,1388702,986887,1407.15401054021,7.24932451135164,35400,10.4744670991219,385.5,5.95454119300338,20735.03,0.0210105412271111,-3.86273100400433,26.3,0,2511.12830700474,1
"DEC0",2021,1407494,983991,1430.39316416512,7.26570462544049,37000,10.5186731916264,384.2,5.95116325033446,21207.88,0.0215529207076081,-3.83724393994042,27.3,0,2511.12830700474,1
"DEC0",2022,2301295,982348,2342.64741211872,7.75903694153227,40900,10.6188853420309,388.7,5.96280783785818,22396.17,0.0227986110828342,-3.78105566229684,26.8,0,2511.12830700474,1
"DEC0",2023,2457129,1011891,2428.25462426289,7.79492801664092,41800,10.6406516185128,394.9,5.9786325682926,23974.84,0.0236931052850554,-3.74257118940778,26.6,0,2511.12830700474,1
"DED2",2017,8588019,1600155,5366.99194765507,8.58802287183195,31000,10.3417424834673,205.9,5.32739061403374,26488.13,0.0165534776318544,-4.10115907042008,31.5,0,7933.18884201503,1
"DED2",2018,8829884,1598573,5523.60386419638,8.61678580019028,32100,10.3766113091181,205.7,5.32641879665891,27925.05,0.0174687361790797,-4.04734249980677,32.2,0,7933.18884201503,1
"DED2",2019,9156668,1598199,5729.36661829972,8.65336026578048,33500,10.4193007178132,205.6,5.32593253358101,29311.07,0.0183400627831703,-3.99866738886795,31.5,0,7933.18884201503,1
"DED2",2020,6040809,1596566,3783.62623280215,8.23843814960659,32900,10.4012279367535,205.6,5.32593253358101,29711.16,0.0186094154579266,-3.98408761892733,32.1,0,7933.18884201503,1
"DED2",2021,5099842,1589888,3207.67374808792,8.07330126434082,34600,10.4516089610458,205.1,5.32349766507834,30720.95,0.0193227132980436,-3.94647402020119,33.7,0,7933.18884201503,1
"DED2",2022,7670059,1583267,4844.45074646285,8.48558915287542,37900,10.5427063910705,204.1,5.3186100698158,32593.97,0.0205865277303196,-3.88311841080755,34.2,0,7933.18884201503,1
"DED2",2023,8657656,1588724,5449.43992789182,8.60326811685211,39900,10.594131602878,204.5,5.32056797548286,35144.65,0.0221213061551283,-3.81121405546695,35.5,0,7933.18884201503,1
"DED4",2017,4052658,1454144,2786.97157915585,7.93271082978225,28200,10.2470772569262,222.7,5.40582557426332,21908.51,0.0150662589124598,-4.19529754451059,24.2,0,6661.20388744415,0
"DED4",2018,4152568,1444953,2873.84295544561,7.96340542194682,29000,10.2750511089686,221.3,5.399519247057,22774.26,0.0157612462135447,-4.15020112321513,24.7,0,6661.20388744415,0
"DED4",2019,4240581,1436445,2952.13600242265,7.9902842559405,30000,10.3089526606443,219.9,5.39317289756072,23745.5,0.0165307408219598,-4.10253355133797,25.3,0,6661.20388744415,0
"DED4",2020,2596604,1426380,1820.41531709643,7.50681995024487,29400,10.2887499533268,219.9,5.39317289756072,23674.26,0.0165974424767593,-4.09850666315438,27,0,6661.20388744415,0
"DED4",2021,2317120,1413730,1639.0116924731,7.4018487126251,31000,10.3417424834673,218.2,5.38541207339897,24353.39,0.0172263374194507,-4.06131582100654,25.5,0,6661.20388744415,0
"DED4",2022,3588325,1402126,2559.2029532296,7.84745114260057,33200,10.4103051549046,215,5.37063802812766,25591.1,0.0182516407227311,-4.00350030037923,25,0,6661.20388744415,0
"DED4",2023,3825137,1397272,2737.57507486016,7.91482779835516,35500,10.4772879754635,214.6,5.3687758301966,27479.48,0.0196665216221323,-3.92883749891754,24.3,0,6661.20388744415,0
"DED5",2017,4159684,1027484,4048.41729895551,8.30608129334077,33200,10.4103051549046,264.9,5.57935239627802,18003.79,0.0175222095915849,-4.04428608318498,32.3,0,3791.77229254712,0
"DED5",2018,4396339,1037782,4236.28372818183,8.35144168469112,33900,10.4311702933685,266.9,5.58687405641048,19025.66,0.0183330024995616,-3.99905242805906,32.9,0,3791.77229254712,0
"DED5",2019,4680446,1043293,4486.22390833639,8.40876662652657,35400,10.4744670991219,268.4,5.59247840509753,20027.03,0.0191959785026833,-3.95305447487198,34.3,0,3791.77229254712,0
"DED5",2020,2733370,1049025,2605.62903648626,7.86542939777707,34500,10.4487146030195,268.4,5.59247840509753,20454.18,0.0194982769714735,-3.93742917775371,37,0,3791.77229254712,0
"DED5",2021,2814293,1053323,2671.82336282413,7.89051642574389,37100,10.5213722485955,269.7,5.59731023014568,21209.32,0.0201356279128055,-3.90526450002439,36.9,0,3791.77229254712,0
"DED5",2022,4433237,1057609,4191.75423053321,8.34087459606968,40100,10.5991316132947,272.1,5.6061696457892,22776.56,0.0215358984274907,-3.83803404193646,35.9,0,3791.77229254712,0
"DED5",2023,4914199,1063971,4618.73396925292,8.43787591389274,42400,10.65490364122,273.7,5.61203261604663,24873.99,0.0233784473448994,-3.75594073468579,36,0,3791.77229254712,0
"DEE0",2017,7003678,2236252,3131.8822744485,8.04938946842484,27800,10.2327912996787,110.1,4.70138904372863,32478.35,0.0145235644283381,-4.23198281566644,22.2,0,20629.6924779384,4
"DEE0",2018,7099287,2223081,3193.44504316307,8.06885556388631,28400,10.2541444241493,109.4,4.69501088998788,33759.47,0.0151858929116843,-4.18738837999495,21.5,0,20629.6924779384,4
"DEE0",2019,7533716,2208321,3411.51309071462,8.13491119347943,30000,10.3089526606443,108.7,4.68859179412716,35039.32,0.0158669505022141,-4.14351691777787,23.1,0,20629.6924779384,4
"DEE0",2020,5082576,2194782,2315.75436649289,7.74749077369552,29800,10.3022636724935,108.7,4.68859179412716,35505.19,0.0161770918478464,-4.12415912096965,22.6,0,20629.6924779384,4
"DEE0",2021,4910207,2180684,2251.68204104767,7.71943278970333,31600,10.360912399575,108.1,4.68305672464516,36626.19,0.0167957347327719,-4.08663030976122,25.1,0,20629.6924779384,4
"DEE0",2022,6935686,2169253,3197.26929039628,8.07005237772905,34900,10.4602421081905,106.7,4.67002115830771,38263.01,0.0176387954747556,-4.03765451447895,25.3,0,20629.6924779384,4
"DEE0",2023,7290849,2150239,3390.71563672689,8.12879628037486,36400,10.5023240536248,106.1,4.66438204561994,40875.45,0.0190097240353282,-3.96280463940315,25.6,0,20629.6924779384,4
"DEF0",2017,26424911,2881926,9169.18442735865,9.12360362207584,32400,10.3859137017804,187.3,5.23271160945004,47064.47,0.0163309085660076,-4.11469573570257,24.2,1,15465.0671402839,2
"DEF0",2018,30927316,2889821,10702.1562927254,9.27820052283164,33200,10.4103051549046,187.8,5.23537756677416,49536.06,0.0171415668998184,-4.06624895226516,24.4,1,15465.0671402839,2
"DEF0",2019,32423542,2896712,11193.2225226395,9.32306374220978,34700,10.454494965935,188.2,5.23750522715128,51779.9,0.0178754049418789,-4.02432953656754,24.7,1,15465.0671402839,2
"DEF0",2020,26507948,2903773,9128.79484725562,9.11918896567105,34500,10.4487146030195,188.2,5.23750522715128,52239.3,0.017990145923941,-4.01793111966065,26.9,1,15465.0671402839,2
"DEF0",2021,29379007,2910875,10092.8439043243,9.21958192738304,36600,10.5078035193895,188.7,5.2401584523745,54213.8,0.0186245716494181,-3.98327351366995,28.3,1,15465.0671402839,2
"DEF0",2022,34411475,2922005,11776.6653376705,9.37387533883513,40500,10.6090572530946,190.2,5.24807615011129,57690.31,0.0197433987963744,-3.92493608166329,26.5,1,15465.0671402839,2
"DEF0",2023,34632611,2939283,11782.6731893458,9.37438535755223,41500,10.6334487062188,191.2,5.2533200006173,61660.65,0.0209781262981482,-3.86427498895612,29.1,1,15465.0671402839,2
"DEG0",2017,7943541,2158128,3680.7552656747,8.2108732453428,28900,10.2715968741005,133.5,4.8941014778403,33653.03,0.0155936209529741,-4.16089336162537,26.8,0,16043.6582807868,4
"DEG0",2018,7870129,2151205,3658.47466884839,8.20480158238277,29500,10.2921455423279,133,4.89034912822175,34921.7,0.0162335528227203,-4.12067501674631,28.3,0,16043.6582807868,4
"DEG0",2019,8273728,2143145,3860.5544655168,8.25856609605935,30500,10.3254819625955,132.4,4.88582764350291,36187.03,0.0168850124466613,-4.08132888800177,28.3,0,16043.6582807868,4
"DEG0",2020,5115603,2133378,2397.88870045533,7.78234392102214,30200,10.315597203363,132.4,4.88582764350291,36042.25,0.016894450959933,-4.08077005653641,29.1,0,16043.6582807868,4
"DEG0",2021,5023406,2120237,2369.26626598819,7.77033559378551,31800,10.3672215687683,131.7,4.88052660874924,37241.19,0.0175646354629223,-4.04186774708504,28.4,0,16043.6582807868,4
"DEG0",2022,7280702,2108863,3452.4300535407,8.1468336254231,34100,10.4370526632716,130.9,4.87443367291585,39561.12,0.0187594547393548,-3.97605740089283,27.8,0,16043.6582807868,4
"DEG0",2023,7951289,2118830,3752.67907288456,8.23022528332426,36400,10.5023240536248,131.4,4.87824610605051,42298.58,0.019963177791517,-3.91386581277923,27.9,0,16043.6582807868,4
"EE00",2017,6509299,1315635,4947.64809388622,8.50666761010326,18500,9.82552601106642,30.3,3.41114771251532,11317.65,0.00860242392456874,-4.75571126374136,38.4,1,44998.2554776692,1
"EE00",2018,6630315,1319133,5026.26725280923,8.5224328907466,20000,9.90348755253613,30.4,3.41444260841218,12464.49,0.0094490017306822,-4.66184618002131,39.1,1,44998.2554776692,1
"EE00",2019,6967047,1324820,5258.86309083498,8.5676701399428,21500,9.97580821411575,30.5,3.41772668361337,13583.26,0.0102529098292598,-4.58019372790422,39.5,1,44998.2554776692,1
"EE00",2020,3674012,1328889,2764.72451799962,7.92469627716632,21000,9.95227771670556,30.5,3.41772668361337,13814.7,0.0103956763883214,-4.56636529116745,40.1,1,44998.2554776692,1
"EE00",2021,3998997,1330068,3006.61094019253,8.00856878991276,23600,10.0690019910137,30.6,3.42100000895834,15072.7,0.0113322777482054,-4.4801001872361,41.2,1,44998.2554776692,1
"EE00",2022,5950873,1331796,4468.3067076339,8.40476480323013,27300,10.214641981173,31.3,3.44361809754611,17053.08,0.0128045736734455,-4.3579528536416,42.1,1,44998.2554776692,1
"EE00",2023,6374862,1365884,4667.20599992386,8.44831588466368,28100,10.2435248553218,31.8,3.45946628978613,18983.01,0.013897966445174,-4.27601274845657,41.6,1,44998.2554776692,1
"EL30",2017,9600041,3843136,2497.97066770471,7.82323394830462,22500,10.0212705881925,989.2,6.89689653564726,29909.72,0.00778263376575796,-4.85586046777721,38.4,1,4000.48264684962,2
"EL30",2018,10942125,3835480,2852.86978422518,7.95608070847023,23000,10.0432494949113,989.8,6.89750290251779,31104.05,0.00810955864715759,-4.81471183315472,39.3,1,4000.48264684962,2
"EL30",2019,11007331,3829900,2874.05180291914,7.96347809115264,23800,10.0774408596596,987.5,6.89517649677528,32077.89,0.00837564688373064,-4.78242696440542,40.2,1,4000.48264684962,2
"EL30",2020,3357991,3835081,875.598455417239,6.77490760161933,21800,9.98966524877718,987.5,6.89517649677528,31099.17,0.00810912989842979,-4.81476470410377,41,1,4000.48264684962,2
"EL30",2021,5428008,3838210,1414.2029748242,7.25432138270647,24100,10.0899671194787,986.8,6.8944673846552,33384.71,0.00869798942736328,-4.74466338033246,45,1,4000.48264684962,2
"EL30",2022,10313319,3807698,2708.54437510538,7.90416663860981,26900,10.1998815655899,1003.4,6.91114951205015,35511.86,0.00932633312831007,-4.67491336084901,45.6,1,4000.48264684962,2
"EL30",2023,12409598,3789105,3275.07366515312,8.09409564099291,29700,10.2989023247908,1000.5,6.90825515402379,37495.21,0.00989553205836207,-4.61567193094751,43.7,1,4000.48264684962,2
"EL41",2017,2609168,189284,13784.408613512,9.53129342181308,11700,9.36734412078585,54.3,3.99452422693989,971.66,0.00513334460387566,-5.27199786267288,24.2,1,3589.12712037724,0
"EL41",2018,2952712,192698,15323.0028334492,9.63711043149294,11400,9.34136863438259,56.9,4.04129534113228,997.12,0.00517452179057385,-5.26400835171913,24.5,1,3589.12712037724,0
"EL41",2019,2892617,197604,14638.4536750268,9.59140715864625,11300,9.33255800470043,59.3,4.08260930600368,1029.3,0.00520890265379243,-5.25738606847349,26.9,1,3589.12712037724,0
"EL41",2020,721350,200984,3589.09166898858,8.1856544324733,9900,9.20029003612268,59.3,4.08260930600368,981.52,0.00488357282171715,-5.32187819139983,29.3,1,3589.12712037724,0
"EL41",2021,1352305,197504,6846.97525113415,8.8315622645584,10700,9.27799902045,60.3,4.09933210373314,1034.96,0.0052401976668827,-5.25139605867313,27.9,1,3589.12712037724,0
"EL41",2022,2545896,194597,13082.9149473013,9.4790624554809,11900,9.38429367909962,51.3,3.93769075217672,1088.88,0.00559556416594295,-5.18578110835295,26.7,1,3589.12712037724,0
"EL41",2023,2840593,194221,14625.5708702972,9.59052670520473,13100,9.48036750918924,52.1,3.95316494875932,1148.13,0.00591146168539962,-5.130862154049,26.7,1,3589.12712037724,0
"EL42",2017,28913636,328318,88065.9482574821,11.3858412248082,17400,9.76422548520262,64.3,4.16355963124357,2245.03,0.00683797415919931,-4.98526376677198,20.4,1,5324.02991896585,1
"EL42",2018,38220246,328893,116208.754822997,11.6631434632726,17900,9.79255599182885,65.5,4.18205014264121,2343.04,0.00712401905786988,-4.94428323839408,20.8,1,5324.02991896585,1
"EL42",2019,39150147,329974,118646.156969943,11.6839008717055,18400,9.82010594359708,66.1,4.19116874685764,2461.25,0.00745892100589743,-4.89834451250661,22.2,1,5324.02991896585,1
"EL42",2020,10092080,331156,30475.3046902366,10.3246719523384,14300,9.568014816248,66.1,4.19116874685764,2041.79,0.00616564398651995,-5.08876268934274,22.5,1,5324.02991896585,1
"EL42",2021,19898605,329474,60395.0691101574,11.0086627433414,16400,9.70503661381229,66.5,4.19720194766181,2288.08,0.00694464510097914,-4.96978440545244,24.1,1,5324.02991896585,1
"EL42",2022,36160001,327647,110362.679957393,11.6115273118112,19000,9.85219425814858,62.5,4.13516655674236,2515.14,0.0076763712165837,-4.8696083413255,28.6,1,5324.02991896585,1
"EL42",2023,38360186,326433,117513.198726844,11.674305935848,21600,9.98044859367226,62.5,4.13516655674236,2789.36,0.00854496941179354,-4.76241254208237,20.1,1,5324.02991896585,1
"EL43",2017,29800441,627362,47501.1891061301,10.7685100235227,14100,9.55393007636626,76,4.33073334028633,3291.39,0.00524639681714863,-5.25021375854748,27.9,1,8198.43139449948,1
"EL43",2018,34667522,627027,55288.7228141691,10.9203242393034,14300,9.568014816248,76.4,4.33598269617247,3402.4,0.00542624161320007,-5.21650853694944,26.6,1,8198.43139449948,1
"EL43",2019,33598845,627119,53576.5062133343,10.8888659340546,14700,9.59560277276683,76.5,4.33729074083249,3525.69,0.00562204302532693,-5.18106015349846,26.3,1,8198.43139449948,1
"EL43",2020,8141741,627163,12981.8579858825,9.47130812222395,12500,9.43348392329039,76.5,4.33729074083249,3165.38,0.00504714085492926,-5.28893336336886,28,1,8198.43139449948,1
"EL43",2021,17973666,625872,28717.7985274944,10.2652723672818,14100,9.55393007636626,76.7,4.33990170837321,3484.7,0.00556775187258737,-5.19076392005588,27.6,1,8198.43139449948,1
"EL43",2022,32025147,623900,51330.5770155474,10.8460418967837,16500,9.71111565988867,75,4.31748811353631,3834.19,0.00614552011540311,-5.09203189912232,28.9,1,8198.43139449948,1
"EL43",2023,34342891,622246,55191.8228481983,10.9185700844838,18300,9.81465633882951,75,4.31748811353631,4111.34,0.00660725822263221,-5.01958650350874,28.4,1,8198.43139449948,1
"EL51",2017,3137952,583497,5377.83741818724,8.59004160546579,11100,9.31470038730042,42.8,3.75653810258775,2632.65,0.00451184838996602,-5.40104836686555,25,0,14000.5647210042,1
"EL51",2018,3356091,578987,5796.48765861755,8.66500743699882,11300,9.33255800470043,42.9,3.75887182593397,2706.18,0.00467399095316475,-5.36574197843329,25.1,0,14000.5647210042,1
"EL51",2019,3367222,574740,5858.68740647945,8.67568086541274,11400,9.34136863438259,42.8,3.75653810258775,2747.55,0.00478050944775029,-5.34320815913066,23.8,0,14000.5647210042,1
"EL51",2020,1105085,570919,1935.62484345415,7.56818546985134,10500,9.25913053614561,42.8,3.75653810258775,2681.06,0.00469604269607422,-5.36103510448868,24.4,0,14000.5647210042,1
"EL51",2021,1754190,564671,3106.57002041897,8.04127450922042,11700,9.36734412078585,42.7,3.75419892023458,2864.78,0.00507336130242212,-5.28375170227091,24.9,0,14000.5647210042,1
"EL51",2022,3124783,560787,5572.13879779667,8.62553424445963,13100,9.48036750918924,40,3.68887945411394,2996.22,0.0053428841966736,-5.23198966008125,27.6,0,14000.5647210042,1
"EL51",2023,3809794,559007,6815.28853842617,8.82692368196162,13800,9.5324238711453,40,3.68887945411394,3128.04,0.00559570810383412,-5.18575538511297,24.5,0,14000.5647210042,1
"EL52",2017,14848911,1849839,8027.13695624322,8.99058319993236,12900,9.46498259034976,99.4,4.59915211366253,9162.59,0.004953182412091,-5.30772499744709,31.1,1,19063.0941242219,2
"EL52",2018,16676084,1841440,9056.00182465896,9.11118300192914,13300,9.49551931420985,101.3,4.61808641125464,9543.63,0.00518269940915805,-5.2624292369883,31.7,1,19063.0941242219,2
"EL52",2019,17307749,1834788,9433.10562310196,9.15198065577809,13600,9.51782507172414,101.2,4.61709875685337,9778.51,0.00532950400809249,-5.23449710177748,31.4,1,19063.0941242219,2
"EL52",2020,3773939,1828663,2063.76954091596,7.63228946383443,12500,9.43348392329039,101.2,4.61709875685337,9406.35,0.00514384006238438,-5.26995538460165,32.2,1,19063.0941242219,2
"EL52",2021,8681934,1811239,4793.36741313543,8.47498845241519,13700,9.52515111181622,100.8,4.61313835563727,10079.14,0.00556477637683376,-5.19129847891939,33.3,1,19063.0941242219,2
"EL52",2022,15889734,1791320,8870.40506442177,9.0904757410503,15800,9.66776521901506,96.6,4.57057874121847,10822.91,0.0060418629837215,-5.10904287358007,33.1,1,19063.0941242219,2
"EL52",2023,17101498,1779991,9607.63172398063,9.17031303288164,17000,9.74096862303835,96.3,4.56746831880408,11333.3,0.00636705466488314,-5.05661829232632,34.2,1,19063.0941242219,2
"EL53",2017,347707,269000,1292.59107806691,7.16440407048942,16000,9.68034400122192,29.2,3.37416870927424,1561.79,0.00580591078066914,-5.14887878024439,24.5,0,9386.6856716261,0
"EL53",2018,386541,266397,1450.99606977556,7.28000554424893,15900,9.67407438820832,29.1,3.37073817417745,1539.28,0.00577814314725766,-5.15367290271094,26,0,9386.6856716261,0
"EL53",2019,354879,263798,1345.26797018931,7.20434850653291,15200,9.62905070683437,28.8,3.3603753871419,1462.42,0.00554371147620528,-5.19509106098031,27.1,0,9386.6856716261,0
"EL53",2020,152326,261011,583.599924907379,6.36921568797724,13400,9.503009985939,28.8,3.3603753871419,1320.14,0.00505779449908241,-5.28682476044815,26.6,0,9386.6856716261,0
"EL53",2021,183720,257875,712.438196800776,6.56869316704831,14600,9.58877680769643,28.5,3.3499040872746,1400.94,0.0054326320891905,-5.21533153150609,27.7,0,9386.6856716261,0
"EL53",2022,279826,253875,1102.219596258,7.00508124051264,15700,9.6614159913364,27.3,3.30688670219091,1410.6,0.0055562776957164,-5.19282687410861,27.6,0,9386.6856716261,0
"EL53",2023,345477,249809,1382.9645849429,7.23198472392032,15500,9.64859530290734,27,3.29583686600433,1399.34,0.00560163965269466,-5.18469592897311,28.5,0,9386.6856716261,0
"EL54",2017,2413753,328213,7354.22728532995,8.90303056773798,11000,9.30565055178051,36.9,3.60821155104648,1435.51,0.00437371463043816,-5.43214260109686,30,1,9101.96195731234,1
"EL54",2018,3101591,326448,9501.02619712787,9.15915509250511,11300,9.33255800470043,36.8,3.60549784517489,1474.97,0.00451823873940107,-5.3996330204995,33.8,1,9101.96195731234,1
"EL54",2019,3356340,324932,10329.3612201938,9.24274572285354,11500,9.35010231435134,36.8,3.60549784517489,1498.13,0.0046105954476629,-5.37939826596254,31.8,1,9101.96195731234,1
"EL54",2020,1035602,323703,3199.235101312,8.0706670293754,10400,9.24956108512946,36.8,3.60549784517489,1445.2,0.00446458636466143,-5.4115787084385,31.6,1,9101.96195731234,1
"EL54",2021,1475880,320680,4602.34501683922,8.4343212388497,11400,9.34136863438259,36.6,3.60004824040732,1514.69,0.0047233690906823,-5.35523294361309,30,1,9101.96195731234,1
"EL54",2022,3021521,319214,9465.5027661694,9.15540918068693,12700,9.44935727244668,35.1,3.55820113047182,1590.47,0.00498245690978466,-5.30183215422688,30.9,1,9101.96195731234,1
"EL54",2023,2967032,318495,9315.78831692805,9.13946590821795,13800,9.5324238711453,35.2,3.56104608260405,1681.62,0.00527989450383836,-5.24384916179722,36.3,1,9101.96195731234,1
"EL61",2017,3570940,714715,4996.31321575733,8.51645556258644,12300,9.41735454136051,51.7,3.94545778151438,3316,0.00463961159343235,-5.3731246245597,28.6,0,14113.6163896353,1
"EL61",2018,4022777,709594,5669.12487986088,8.64279004263361,12700,9.44935727244668,51.7,3.94545778151438,3426.66,0.00482904308661009,-5.33310694966003,32.1,0,14113.6163896353,1
"EL61",2019,4117740,704946,5841.21336953469,8.67269382299727,13200,9.48797210857446,51.4,3.93963817246112,3556.33,0.00504482612852616,-5.28939208988818,31.8,0,14113.6163896353,1
"EL61",2020,1497465,700180,2138.68576651718,7.66794679156647,12200,9.40919123072135,51.4,3.93963817246112,3481.68,0.00497254991573595,-5.30382250892837,30.3,0,14113.6163896353,1
"EL61",2021,2138203,693660,3082.49430556757,8.03349438769456,13900,9.53964411911878,51.1,3.93378449720966,3711.9,0.00535118069371162,-5.23043805200938,32.8,0,14113.6163896353,1
"EL61",2022,3666673,686450,5341.50047345036,8.58326188002216,15100,9.62245002280302,49.1,3.89385903480047,3900.92,0.00568274455532085,-5.17032096659154,33.5,0,14113.6163896353,1
"EL61",2023,4124456,680837,6057.9198839076,8.7091217666578,16300,9.69892038679485,48.8,3.8877303128591,4089.1,0.00600598968622446,-5.11499802666782,33.1,0,14113.6163896353,1
"EL62",2017,14700308,208753,70419.6251071841,11.1622272690252,15100,9.62245002280302,89.2,4.49088103958596,1107.43,0.00530497765301577,-5.23910971936318,20.1,1,2158.58297200844,0
"EL62",2018,18016737,208083,86584.3773878693,11.3688746785984,15500,9.64859530290734,89.7,4.49647076906475,1155.43,0.0055527361677792,-5.19346446950649,22.8,1,2158.58297200844,0
"EL62",2019,17954520,207568,86499.4604177908,11.3678934549559,16000,9.68034400122192,89.4,4.49312068217947,1197.21,0.00576779657750713,-5.15546514704388,24.6,1,2158.58297200844,0
"EL62",2020,4498381,206845,21747.5936087408,9.98725839171734,12700,9.44935727244668,89.4,4.49312068217947,1000,0.00483453793903648,-5.33196972050988,23.7,1,2158.58297200844,0
"EL62",2021,9257610,205928,44955.5669942893,10.7134298808249,14500,9.58190392840867,89.1,4.48975933447676,1126.24,0.0054690959947166,-5.20864194225434,18.8,1,2158.58297200844,0
"EL62",2022,16512634,204166,80878.4714399067,11.3007029544048,16900,9.73506890091116,89.3,4.49200148788245,1247.32,0.00610934239785273,-5.09793613878353,18.5,1,2158.58297200844,0
"EL62",2023,19762799,201877,97895.2480966133,11.4916532890016,19500,9.87816974455184,88.5,4.48300255201388,1396.23,0.00691624107748778,-4.97388285383227,22.3,1,2158.58297200844,0
"EL63",2017,2210892,668515,3307.16887429601,8.10384777738588,12100,9.40096073158483,59.8,4.09100566095659,2813.37,0.00420838724635947,-5.47067578155477,23.8,0,11122.0318332918,1
"EL63",2018,2287268,664581,3441.66926228707,8.14371188333626,12100,9.40096073158483,59.6,4.0876555740713,2894.48,0.00435534569901938,-5.43635129203029,21.9,0,11122.0318332918,1
"EL63",2019,2338707,660830,3539.04483755277,8.17161214981954,12400,9.42545175159313,59.2,4.08092154188996,2956.5,0.00447391916226564,-5.40949048441323,20.6,0,11122.0318332918,1
"EL63",2020,831064,656969,1264.99728297682,7.1428252533149,11400,9.34136863438259,59.2,4.08092154188996,2864.75,0.00436055582531291,-5.43515574687651,25,0,11122.0318332918,1
"EL63",2021,1192890,652707,1827.60411639526,7.5107611620368,12400,9.42545175159313,58.8,4.07414185490458,3037.18,0.00465320580291003,-5.370198876943,26,0,11122.0318332918,1
"EL63",2022,2001940,646764,3095.3176119883,8.03764580085136,14200,9.56099724358935,58.4,4.06731588983418,3235.14,0.00500204092992189,-5.29790926384889,25.4,0,11122.0318332918,1
"EL63",2023,2406592,641643,3750.6713234618,8.22969012253218,15200,9.62905070683437,58.1,4.06216566385787,3383.95,0.00527388282892512,-5.24498840803559,27.8,0,11122.0318332918,1
"EL64",2017,2423657,531938,4556.2772353169,8.42426117331208,14600,9.58877680769643,36,3.58351893845611,2878.88,0.005412059300144,-5.21912561157472,23.3,1,15966.2767406584,1
"EL64",2018,2868299,527789,5434.5562336464,8.60053314647872,15000,9.61580548008435,36,3.58351893845611,2978.09,0.00564257686310249,-5.1774144271939,23.6,1,15966.2767406584,1
"EL64",2019,2856727,524018,5451.58181589182,8.60366108699343,15200,9.62905070683437,36.1,3.58629286533884,3058.73,0.00583707048231168,-5.14352623774144,23.2,1,15966.2767406584,1
"EL64",2020,1208609,519994,2324.27489547956,7.75116339646697,14600,9.58877680769643,36.1,3.58629286533884,3076.63,0.00591666442305104,-5.12998243093154,25.2,1,15966.2767406584,1
"EL64",2021,1541984,513341,3003.82007281709,8.00764011522372,16000,9.68034400122192,36,3.58351893845611,3270.42,0.00637085290284626,-5.0560219246646,24.7,1,15966.2767406584,1
"EL64",2022,2529258,506991,4988.76311413812,8.51494328510178,18200,9.80917687306489,32.8,3.4904285153901,3355.44,0.00661834233743794,-5.01791034258879,22.7,1,15966.2767406584,1
"EL64",2023,2981803,504332,5912.38112989063,8.684803927717,18500,9.82552601106642,32.7,3.48737507790321,3485.89,0.00691189533878477,-4.97451138955325,20,1,15966.2767406584,1
"EL65",2017,4431608,564957,7844.15097078185,8.96752343378857,14300,9.568014816248,37.3,3.61899332664977,2749.86,0.00486737928727319,-5.32519962076387,23,1,15297.87758151,4
"EL65",2018,5442418,559919,9720.00950137431,9.18194187496165,14400,9.57498348556409,37.2,3.6163087612791,2795.57,0.00499281146022907,-5.29975610899596,23.8,1,15297.87758151,4
"EL65",2019,5291643,554996,9534.56060944583,9.16267843511072,14800,9.60238245975221,37.1,3.61361696961339,2866.42,0.0051647579442014,-5.26589704213574,23.8,1,15297.87758151,4
"EL65",2020,2059383,549923,3744.85700725374,8.22813871291361,13500,9.51044496442652,37.1,3.61361696961339,2726.49,0.0049579486582667,-5.3067632007542,23.9,1,15297.87758151,4
"EL65",2021,3007818,544183,5527.21786604874,8.61743986955624,14700,9.59560277276683,36.9,3.60821155104648,2916.16,0.00535878555559435,-5.22901790502034,24.7,1,15297.87758151,4
"EL65",2022,4675172,538218,8686.39101627965,9.06951282892239,16900,9.73506890091116,34.7,3.54673968695281,3092.18,0.00574521848024406,-5.15938733877109,26.5,1,15297.87758151,4
"EL65",2023,5757102,533872,10783.6747385141,9.28578867120929,17800,9.78695373628018,34.5,3.54095932403731,3178.5,0.00595367428896814,-5.12374672245861,26.2,1,15297.87758151,4
"ES11",2017,10693873,2708955,3947.60082762541,8.28086328795064,22400,10.0168162378431,92.1,4.52287494326126,25558.4,0.00943478204695168,-4.66335220091051,36.5,0,29298.9217351543,2
"ES11",2018,10327727,2703048,3820.77084831642,8.24820747399619,23200,10.0519075576544,92,4.52178857704904,26559.9,0.00982590764203965,-4.62273274462449,36.9,0,29298.9217351543,2
"ES11",2019,10938537,2700210,4050.99492261713,8.3067177898366,23900,10.0816337379196,92,4.52178857704904,28119.4,0.0104137826317212,-4.56462509715744,37.9,0,29298.9217351543,2
"ES11",2020,4793625,2702605,1773.70536944911,7.48082606646586,21900,9.99424191580459,92,4.52178857704904,27389.4,0.0101344443601636,-4.59181532444256,40.3,0,29298.9217351543,2
"ES11",2021,8956048,2698177,3319.29595426838,8.10750797745486,23900,10.0816337379196,91.9,4.52070102936164,29061,0.0107706054865934,-4.53093456965471,41.4,0,29298.9217351543,2
"ES11",2022,12645757,2692829,4696.08616068826,8.45448470901599,26600,10.1886664947698,91.8,4.51961229762644,31165.1,0.0115733676367864,-4.45904871385445,42.2,0,29298.9217351543,2
"ES11",2023,13514998,2699424,5006.62289436561,8.51851689380866,28700,10.2646524017477,92,4.52178857704904,33481.5,0.0124032015718909,-4.38980064841525,41.4,0,29298.9217351543,2
"ES12",2017,5678417,1033550,5494.09027139471,8.61142829742571,21900,9.99424191580459,97.6,4.58087749341905,9964.5,0.00964104300711141,-4.64172598045398,41.6,0,10563.7903060314,1
"ES12",2018,5559363,1027091,5412.72681777953,8.59650827771991,22700,10.0301202034695,97,4.57471097850338,10300.2,0.0100285174341903,-4.60232250107527,43.1,0,10563.7903060314,1
"ES12",2019,5778325,1021469,5656.87749701655,8.64062733999405,23200,10.0519075576544,96.6,4.57057874121847,10786.3,0.0105595960327724,-4.55072025590805,43.3,0,10563.7903060314,1
"ES12",2020,3536140,1018053,3473.43409429568,8.15289903609247,21100,9.95702831946416,96.6,4.57057874121847,10304.4,0.0101216734295759,-4.59307627013931,44.2,0,10563.7903060314,1
"ES12",2021,5005474,1012117,4945.5487853677,8.5062432157289,23400,10.0604913013458,96.2,4.56642935767166,10985.6,0.0108540810993195,-4.52321413153177,44.6,0,10563.7903060314,1
"ES12",2022,6109286,1004960,6079.13349785066,8.71261744800285,26500,10.1849000119743,95.2,4.55597994179732,11756.6,0.0116985750676644,-4.44828823368383,43.3,0,10563.7903060314,1
"ES12",2023,6672748,1006060,6632.55471840646,8.7997453360203,28100,10.2435248553218,95.4,4.55807857845424,12705.1,0.0126285708605849,-4.37179350337017,43.6,0,10563.7903060314,1
"ES13",2017,5323145,581421,9155.40546351095,9.12209974487841,22900,10.0388921895423,110.4,4.704110133843,5744.6,0.00988027608221925,-4.61721482406832,40.4,0,5439.48356442482,0
"ES13",2018,5530146,581533,9509.59962719226,9.16005705446311,23800,10.0774408596596,110.4,4.704110133843,6010.3,0.0103352690217064,-4.57219305602691,40.6,0,5439.48356442482,0
"ES13",2019,5583008,581989,9592.97856145047,9.16878671000366,24500,10.1064283965328,110.5,4.70501552095781,6387.7,0.0109756369965755,-4.51207728101494,42,0,5439.48356442482,0
"ES13",2020,3085895,583011,5293.03049170599,8.57414623260202,22300,10.0123419574482,110.5,4.70501552095781,6059,0.0103925997965733,-4.56666128413417,42.5,0,5439.48356442482,0
"ES13",2021,4131247,584708,7065.48738857686,8.86297727909118,24300,10.0982316293286,110.7,4.70682383971459,6457,0.0110431189585229,-4.5059477636739,43.5,0,5439.48356442482,0
"ES13",2022,5585561,585451,9540.61228010542,9.16331294268742,26500,10.1849000119743,111.4,4.71312732749318,6948,0.0118677737334124,-4.43392864200221,45.3,0,5439.48356442482,0
"ES13",2023,5811506,588387,9877.01291836835,9.19796540883158,28400,10.2541444241493,111.9,4.71760561531788,7419.8,0.0126104077758346,-4.37323279203136,49.4,0,5439.48356442482,0
"ES21",2017,7578408,2179944,3476.42324756966,8.1537592417949,31900,10.3703612887729,301.7,5.70943314616501,31974.9,0.0146677621076505,-4.2221032473631,49.7,0,6955.1085484621,2
"ES21",2018,7823741,2187254,3576.96957006365,8.18227123211175,32800,10.3981837943722,302.4,5.71175064430538,32958.8,0.0150685745688429,-4.19514385815363,49.6,0,6955.1085484621,2
"ES21",2019,8142554,2197306,3705.69870559676,8.21762710445691,33600,10.4222813459513,303.7,5.7160403720517,34760.6,0.0158196446011616,-4.14650278205543,50.8,0,6955.1085484621,2
"ES21",2020,3312181,2211917,1497.42553631081,7.31150260341824,30100,10.312280450737,303.7,5.7160403720517,33456.6,0.0151256127603341,-4.19136576280592,53.4,0,6955.1085484621,2
"ES21",2021,5860825,2212628,2648.80721024953,7.88186470831085,32900,10.4012279367535,304.2,5.71768537982519,35735.8,0.0161508396350403,-4.12578324087912,55,0,6955.1085484621,2
"ES21",2022,8889702,2205828,4030.09754160342,8.30154585851964,36300,10.4995730202529,307.5,5.72847508724657,38461.4,0.0174362642962189,-4.04920308664454,55,0,6955.1085484621,2
"ES21",2023,9726106,2216302,4388.43894018053,8.3867288483386,39000,10.5713169251118,309,5.73334127689775,41285.2,0.018627966766262,-3.983091237938,55.7,0,6955.1085484621,2
"ES22",2017,3125413,642075,4867.6758945606,8.49037187312362,30600,10.3287552879405,62.1,4.12874598893943,8839.9,0.0137677062648444,-4.28542955492829,45.5,0,10322.1213521925,0
"ES22",2018,3114096,646340,4818.04622953863,8.48012377830077,31200,10.3481733737976,62.5,4.13516655674236,9217.5,0.0142610700250642,-4.25022182999034,45.4,0,10322.1213521925,0
"ES22",2019,3277283,652797,5020.37080440014,8.52125907537621,32100,10.3766113091181,63.1,4.14472076954717,9737.2,0.0149161224699256,-4.20531260605797,47.1,0,10322.1213521925,0
"ES22",2020,1548449,659907,2346.46548680344,7.7606654267536,29000,10.2750511089686,63.1,4.14472076954717,9287.6,0.014074104381375,-4.26341873885487,48.4,0,10322.1213521925,0
"ES22",2021,2772118,662032,4187.28701935858,8.33980831379116,31500,10.3577428248137,63.5,4.15103990589865,9894.4,0.0149455011238127,-4.20334495260647,48.7,0,10322.1213521925,0
"ES22",2022,3726280,664514,5607.52670372633,8.63186502852771,34700,10.454494965935,64.6,4.16821441078856,10647,0.0160222357993962,-4.13377778407143,48.3,0,10322.1213521925,0
"ES22",2023,4032325,672155,5999.099909991,8.69936472195532,37000,10.5186731916264,65.3,4.17899203628239,11554.3,0.01718993386942,-4.06343130663259,48.3,0,10322.1213521925,0
"ES23",2017,1654361,314136,5266.38462322052,8.56909937635989,26600,10.1886664947698,62.2,4.13035499974513,3351.9,0.0106702192680877,-4.54029866391826,37.9,0,5017.75366599681,2
"ES23",2018,1609648,314890,5111.77871637715,8.53930270802678,27500,10.2219412836547,62.3,4.13196142579341,3498,0.0111086411127695,-4.50003199489328,38.7,0,5017.75366599681,2
"ES23",2019,1639201,315967,5187.88670968804,8.55408170820639,28000,10.2399597891573,62.6,4.13676527810605,3691.9,0.0116844480594492,-4.44949654707061,38.3,0,5017.75366599681,2
"ES23",2020,630668,318703,1978.85805907067,7.59027521946824,25700,10.1542462708833,62.6,4.13676527810605,3603.2,0.0113058239175659,-4.4824372950971,38.5,0,5017.75366599681,2
"ES23",2021,1171925,319444,3668.63988680332,8.20757626930747,27400,10.2182982923762,62.8,4.13995507347415,3794,0.0118768860895806,-4.43316111307709,40,0,5017.75366599681,2
"ES23",2022,1580147,319617,4943.87657727843,8.5059050346832,30400,10.3221978873943,63.8,4.15575319035074,4065.7,0.0127205373931925,-4.36453747407009,41.8,0,5017.75366599681,2
"ES23",2023,1716159,322282,5325.0228061139,8.58017227340675,32400,10.3859137017804,64.2,4.16200321069592,4434.3,0.0137590681452889,-4.28605717076953,40.2,0,5017.75366599681,2
"ES24",2017,7956122,1315411,6048.39247961284,8.70754780986972,27400,10.2182982923762,27.7,3.32143241319329,15681.3,0.0119212170188633,-4.42943552365874,36.6,0,47837.2464751915,2
"ES24",2018,8096184,1313493,6163.8577441981,8.72645811768539,28300,10.2506170836313,27.7,3.32143241319329,16351.1,0.0124485627254961,-4.38615010647082,38.4,0,47837.2464751915,2
"ES24",2019,8302457,1320694,6286.43501068378,8.74614941806264,29000,10.2750511089686,27.9,3.32862668882732,17247.7,0.0130595732243805,-4.33823383373973,39.3,0,47837.2464751915,2
"ES24",2020,4090680,1330592,3074.3308241745,8.03084253840372,27000,10.2035921449865,27.9,3.32862668882732,16806.9,0.0126311446333662,-4.37158971858954,39.7,0,47837.2464751915,2
"ES24",2021,6197677,1331938,4653.12724766468,8.44529479891638,29100,10.2784934531596,28,3.3322045101752,17728.8,0.0133105294690894,-4.31919986756996,40.5,0,47837.2464751915,2
"ES24",2022,8382110,1328217,6310.7986119738,8.7500175104387,32700,10.3951303568853,28.1,3.3357695763397,19127.4,0.014400809506278,-4.24047085826648,42.5,0,47837.2464751915,2
"ES24",2023,8566961,1341289,6387.11045867073,8.76203724770838,34700,10.454494965935,28.4,3.34638914516716,20676.1,0.0154150969701533,-4.17240792702785,42.9,0,47837.2464751915,2
"ES30",2017,27144384,6459297,4202.37434507192,8.34340496479338,34600,10.4516089610458,817,6.70563909486,110112.2,0.017047087322351,-4.07177592137964,47,0,7882.68799160602,4
"ES30",2018,27626044,6529923,4230.68449658595,8.35011907847282,35600,10.4801009168401,827.3,6.71816738619614,114089.5,0.0174717986720517,-4.04716720237684,47.2,0,7882.68799160602,4
"ES30",2019,28975266,6618078,4378.1995316465,8.38439285302564,36600,10.5078035193895,839.7,6.73304468518952,122333.4,0.0184847322742343,-3.99081017010474,49.1,0,7882.68799160602,4
"ES30",2020,9083550,6720310,1351.65639680312,7.20908607992637,32900,10.4012279367535,839.7,6.73304468518952,118879.4,0.0176895708680106,-4.03478002955519,50.2,0,7882.68799160602,4
"ES30",2021,15483416,6726640,2301.80535899052,7.74144903270551,35700,10.4829059677677,846.9,6.74158262392755,128704.6,0.0191335644541703,-3.95631118491143,49.7,0,7882.68799160602,4
"ES30",2022,26703916,6743273,3960.08229238235,8.28402008493724,39200,10.5764320257786,853.9,6.74981409091356,140365.8,0.0208156780839216,-3.87204882217008,49.8,0,7882.68799160602,4
"ES30",2023,30238007,6871903,4400.23775073659,8.38941385270487,42600,10.6596095322575,870.6,6.7691826291182,153741.8,0.0223725218472962,-3.79992177638316,50.5,0,7882.68799160602,4
"ES41",2017,11280921,2433535,4635.61074732847,8.44152323789065,23100,10.0475878965099,25.9,3.25424296870549,23880.3,0.00981300864791343,-4.62404636048706,35.3,0,94332.5013122187,7
"ES41",2018,11398981,2417013,4716.14385193625,8.45874676414716,24200,10.0941079121448,25.7,3.24649099190117,24708.7,0.0102228246186512,-4.58313235092018,36.2,0,94332.5013122187,7
"ES41",2019,11737934,2405568,4879.48542714236,8.49279504802974,24800,10.1185989321531,25.6,3.24259235148552,26264.7,0.0109182945566286,-4.51731549699505,38.4,0,94332.5013122187,7
"ES41",2020,4805007,2398976,2002.94083809092,7.60237179858004,22900,10.0388921895423,25.6,3.24259235148552,25120,0.0104711343506563,-4.55913291702125,39,0,94332.5013122187,7
"ES41",2021,8126462,2385223,3407.00303493636,8.13358830845492,25000,10.1266311038503,25.5,3.23867845216438,26325.3,0.011036829680076,-4.50651744603321,39.3,0,94332.5013122187,7
"ES41",2022,11835822,2375586,4982.27468927667,8.51364183064835,27500,10.2219412836547,25.4,3.23474917402449,28159.9,0.0118538752122634,-4.43510044272915,39.8,0,94332.5013122187,7
"ES41",2023,12926756,2383703,5422.97257670104,8.59839938997801,29300,10.2853427950052,25.5,3.23867845216438,30406.6,0.0127560354624716,-4.36175074977613,40.8,0,94332.5013122187,7
"ES42",2017,5071040,2041422,2484.07237699995,7.81765457990745,20000,9.90348755253613,25.7,3.24649099190117,16603.2,0.00813315424248392,-4.81180645496025,27.6,0,79394.8250232767,3
"ES42",2018,5310003,2034409,2610.09610161968,7.86714232018282,20800,9.94270826568941,25.7,3.24649099190117,17280.8,0.00849426049530846,-4.76836457940633,28.4,0,79394.8250232767,3
"ES42",2019,5394480,2036777,2648.53737056143,7.88176283097053,21300,9.96646235169752,25.8,3.25037449192757,18345.3,0.00900702433305168,-4.70975052461299,30,0,79394.8250232767,3
"ES42",2020,2429570,2047969,1186.33143372776,7.0786209955998,19700,9.88837391472608,25.8,3.25037449192757,18089.2,0.00883275088636596,-4.72928877422457,30.8,0,79394.8250232767,3
"ES42",2021,4007427,2052505,1952.45663226155,7.57684367007744,21500,9.97580821411575,25.9,3.25424296870549,19360.7,0.00943271758168677,-4.66357103915763,31.3,0,79394.8250232767,3
"ES42",2022,5625258,2058284,2732.98436950392,7.91314946674008,24200,10.0941079121448,26.2,3.26575941076705,20819.6,0.0101150278581576,-4.59373305422311,31.4,0,79394.8250232767,3
"ES42",2023,5874181,2084086,2818.5885803177,7.94399153520507,25100,10.1306231251199,26.5,3.27714473299218,22487.6,0.0107901497347038,-4.52912162263472,32.7,0,79394.8250232767,3
"ES43",2017,3317570,1079108,3074.36327040482,8.03085309226436,18800,9.84161214881804,26.2,3.26575941076705,8130.2,0.00753418564221561,-4.88830452942446,26.5,0,41763.6360822069,3
"ES43",2018,3434064,1072721,3201.26482095531,8.07130126724306,19400,9.87302834505142,26.1,3.26193531432865,8496.8,0.00792079207920792,-4.83826406815547,26.5,0,41763.6360822069,3
"ES43",2019,3581316,1067925,3353.52763536765,8.11776809625957,19900,9.89847501071258,26,3.25809653802148,9070.9,0.00849394854507573,-4.768401304906,26.8,0,41763.6360822069,3
"ES43",2020,1607233,1064970,1509.1814792905,7.31932271614267,18400,9.82010594359708,26,3.25809653802148,8884.9,0.00834286411823807,-4.78634870211344,26.7,0,41763.6360822069,3
"ES43",2021,2610830,1061636,2459.25157021804,7.80761234288734,20400,9.92329017983231,25.9,3.25424296870549,9295.9,0.00875620269094115,-4.73799295078393,29.2,0,41763.6360822069,3
"ES43",2022,3597110,1056808,3403.7497823635,8.13263298004775,22200,10.0078475678604,25.8,3.25037449192757,10014.3,0.00947598806973452,-4.65899425168444,31.8,0,41763.6360822069,3
"ES43",2023,3784158,1054306,3589.24069482674,8.18569595349256,23900,10.0816337379196,25.8,3.25037449192757,10779.1,0.0102238818711076,-4.5830289354916,34.5,0,41763.6360822069,3
"ES51",2017,83048742,7480778,11101.6183076145,9.31484617015238,29800,10.3022636724935,233.5,5.45318207710895,101286.4,0.0135395543083888,-4.30213992870234,39.3,0,32082.7540543608,5
"ES51",2018,81801654,7539364,10849.9409233988,9.29191491410575,30500,10.3254819625955,235.5,5.46171091345647,105986.4,0.0140577374961602,-4.26458232331782,40.8,0,32082.7540543608,5
"ES51",2019,84140872,7624625,11035.4111841566,9.30886457981418,31300,10.3513733765282,238.1,5.47269075349282,112497.5,0.0147544961227601,-4.21620742076302,42.4,0,32082.7540543608,5
"ES51",2020,24187883,7720323,3133.01438294745,8.04975088173241,27800,10.2327912996787,238.1,5.47269075349282,108016.9,0.0139912410400446,-4.26932378515807,42.3,0,32082.7540543608,5
"ES51",2021,44708438,7749896,5768.90812470258,8.66023810844149,30400,10.3221978873943,239.7,5.47938814144034,117168.3,0.0151186932056895,-4.19182334016102,42.5,0,32082.7540543608,5
"ES51",2022,79857351,7761864,10288.424404241,9.23877469798279,33000,10.4042628404486,245,5.50125821054473,127061.5,0.0163699724705303,-4.112306569303,43.6,0,32082.7540543608,5
"ES51",2023,85635851,7901963,10837.2882788745,9.2907480849233,35600,10.4801009168401,248.9,5.51705120937355,138012.8,0.0174656348049213,-4.04752005412244,44.8,0,32082.7540543608,5
"ES52",2017,49881433,4943821,10089.651910941,9.21926561433245,22000,9.99879773234045,213.6,5.36410510708604,48177.8,0.00974505347179843,-4.63099545893675,33.3,0,23124.0093316981,2
"ES52",2018,49773882,4958584,10037.9225198161,9.21412545149772,22700,10.0301202034695,214.4,5.36784342919665,50504.9,0.0101853472684944,-4.58680513381252,35.7,0,23124.0093316981,2
"ES52",2019,50063663,4989308,10034.1897112786,9.21375351171005,23200,10.0519075576544,216.2,5.37620390520511,53812.5,0.0107855638497363,-4.52954671958631,36.9,0,23124.0093316981,2
"ES52",2020,18289697,5046482,3624.246950648,8.19540180795602,21000,9.95227771670556,216.2,5.37620390520511,51650,0.0102348527152182,-4.58195645027841,38,0,23124.0093316981,2
"ES52",2021,31496049,5067911,6214.79915491807,8.7346886872389,22900,10.0388921895423,217.8,5.38357721049886,55804.2,0.0110112825580402,-4.5088348447468,38.2,0,23124.0093316981,2
"ES52",2022,49350534,5108127,9661.17991976315,9.1758710646505,24700,10.1145585226161,223.1,5.40762010143849,60415.1,0.0118272509669395,-4.43734900610744,37.2,0,23124.0093316981,2
"ES52",2023,52449694,5216195,10055.163581883,9.21584157078481,26500,10.1849000119743,227.7,5.42802897306969,65535.1,0.0125637749355613,-4.37693761090448,38.6,0,23124.0093316981,2
"ES53",2017,70697652,1128492,62647.8982571432,11.0452854123895,28000,10.2399597891573,233,5.4510384535657,13564.5,0.0120200231813783,-4.42118142130969,31.2,1,5059.34573655139,2
"ES53",2018,70216084,1141233,61526.5103620383,11.0272234237111,28900,10.2715968741005,236.8,5.46721590300985,14350.1,0.0125742070199512,-4.37610762502834,29.7,1,5059.34573655139,2
"ES53",2019,68376034,1157928,59050.3330086154,10.9861454610442,29500,10.2921455423279,241.2,5.48562646485303,15155.1,0.013088119468568,-4.33605037106377,31.9,1,5059.34573655139,2
"ES53",2020,7689424,1176816,6534.09199059156,8.78478867081789,22600,10.0257051852604,241.2,5.48562646485303,12894.8,0.0109573629182472,-4.51374363606239,34.8,1,5059.34573655139,2
"ES53",2021,30856007,1183415,26073.6994207442,10.1686824002259,25800,10.1581297709097,244.4,5.49880622729744,13787.5,0.011650604394908,-4.45239722092488,36.3,1,5059.34573655139,2
"ES53",2022,65373745,1187043,55072.7690572288,10.9164106634916,31000,10.3417424834673,241,5.48479693349065,15968.5,0.013452334919628,-4.30860258802868,33.8,1,5059.34573655139,2
"ES53",2023,68791810,1209906,56857.1525391229,10.9482973054973,34000,10.4341158035983,245.5,5.50329694723457,17706.9,0.0146349385820055,-4.22434355549858,33.5,1,5059.34573655139,2
"ES61",2017,68717603,8394017,8186.49795443588,9.0102414852091,18700,9.83627880284268,96.9,4.57367951889672,68816.7,0.00819830362507009,-4.80382802110496,29.6,0,87686.2175606014,7
"ES61",2018,69617884,8396464,8291.33358994929,9.02296610249548,19300,9.86786037489298,97,4.57471097850338,72269.9,0.00860718273787632,-4.75515822223121,30.3,0,87686.2175606014,7
"ES61",2019,72044756,8412222,8564.29561654459,9.05535716762674,19700,9.88837391472608,97.4,4.57882621064849,77226.7,0.00918029742914536,-4.69069567518556,31.2,0,87686.2175606014,7
"ES61",2020,24061729,8461039,2843.82674515506,7.95290586964238,17800,9.78695373628018,97.4,4.57882621064849,73783.9,0.00872043019775704,-4.742086707673,32.5,0,87686.2175606014,7
"ES61",2021,42305005,8484804,4985.97315860213,8.51438388071605,19600,9.88328484521861,97.8,4.58292457704077,79609.2,0.00938256204857531,-4.66890241375284,34,0,87686.2175606014,7
"ES61",2022,67645321,8511185,7947.81466975515,8.98065228555323,21600,9.98044859367226,98.5,4.59005654817804,86775.9,0.0101955133157134,-4.58580752647203,35,0,87686.2175606014,7
"ES61",2023,73900351,8584147,8608.93353760135,9.06055572652145,23200,10.0519075576544,99.2,4.59713801429083,93624.1,0.010906628229922,-4.51838458007332,35.8,0,87686.2175606014,7
"ES62",2017,5308400,1475275,3598.24439511278,8.18820133747125,21100,9.95702831946416,130.4,4.87060664949255,13909.8,0.00942861500398231,-4.66400606438722,29.9,0,11249.8172362742,1
"ES62",2018,5493789,1478718,3715.2377938187,8.22019796420665,21400,9.97114620100994,131.1,4.87596039076965,14530.9,0.00982668771192344,-4.62265335868384,31.2,0,11249.8172362742,1
"ES62",2019,5410417,1491312,3627.95779823404,8.19642517892758,22000,9.99879773234045,132.4,4.88582764350291,15386.9,0.0103176934135848,-4.57389505034559,31.5,0,11249.8172362742,1
"ES62",2020,2256175,1509077,1495.06950274903,7.30992797487729,20100,9.90847509404717,132.4,4.88582764350291,15085.3,0.00999637526779614,-4.60553272491777,32.8,0,11249.8172362742,1
"ES62",2021,3697515,1518279,2435.333031676,7.79783879482015,22100,10.0033328875058,133.5,4.8941014778403,16378.8,0.0107877405931321,-4.52934491986583,33.7,0,11249.8172362742,1
"ES62",2022,5192434,1529662,3394.4976079683,8.1299110490628,24300,10.0982316293286,136.3,4.91485833870249,17507.2,0.0114451427831769,-4.47018985006111,30.9,0,11249.8172362742,1
"ES62",2023,5493664,1551692,3540.43457077822,8.17200475870026,25500,10.1464337311465,138,4.9272536851572,18698,0.012050071792598,-4.41868466117127,32.7,0,11249.8172362742,1
"ES63",2017,182114,85005,2142.39162402212,7.66967806530553,18300,9.81465633882951,4256.1,8.35610852698605,912.3,0.0107323098641256,-4.5344964739204,25.2,1,9.6451693785496,0
"ES63",2018,180257,85327,2112.54350908857,7.65564795503749,18900,9.84691720104773,4251,8.35490952835879,948.4,0.0111148874330517,-4.49946985909799,26.5,1,9.6451693785496,0
"ES63",2019,167989,85087,1974.32040147144,7.58797951759826,19600,9.88328484521861,4222.9,8.34827737480512,1002.3,0.0117797078284579,-4.44137690340432,22.1,1,9.6451693785496,0
"ES63",2020,70874,84502,838.725710634068,6.73188372886099,18200,9.80917687306489,4222.9,8.34827737480512,976.6,0.0115571229083335,-4.46045333007666,25.7,1,9.6451693785496,0
"ES63",2021,97348,84071,1157.92603870538,7.05438578623599,19700,9.88837391472608,4190.1,8.34047987897983,1022.4,0.0121611495045854,-4.40950887528486,24.7,1,9.6451693785496,0
"ES63",2022,137180,83054,1651.69648662316,7.40955821239707,21300,9.96646235169752,4152.7,8.33151400408439,1079.4,0.0129963638114961,-4.34308566745383,21.1,1,9.6451693785496,0
"ES63",2023,144427,83052,1738.99484660213,7.46106255092386,22400,10.0168162378431,4155.8,8.33226022786578,1135,0.0136661368781005,-4.29283426671436,21.2,1,9.6451693785496,0
"ES64",2017,157550,85918,1833.72517982262,7.5141047941632,17100,9.74683374249075,6059.1,8.70931655318245,848.7,0.00987802323145325,-4.61744286502872,28.6,1,7.87726996673695,0
"ES64",2018,150757,86084,1751.27782166256,7.46810098427024,17500,9.76995615991161,6049.9,8.70779702196266,881.8,0.0102434831095209,-4.58111356979364,29.9,1,7.87726996673695,0
"ES64",2019,146310,86373,1693.93213156889,7.4348078104005,18100,9.80366721725392,6041.5,8.70640760446736,931.3,0.01078230465539,-4.52984894642624,30.6,1,7.87726996673695,0
"ES64",2020,58895,86558,680.410822800897,6.52269676692209,16800,9.72913416539135,6041.5,8.70640760446736,904.6,0.0104507959980591,-4.56107713140919,34.3,1,7.87726996673695,0
"ES64",2021,93743,86450,1084.36090225564,6.988746062249,17900,9.79255599182885,6017.7,8.70246040549876,950.7,0.0109971081550029,-4.51012293574645,34.5,1,7.87726996673695,0
"ES64",2022,120379,84932,1417.35741534404,7.25654944171997,19400,9.87302834505142,6086.6,8.71384491251835,1006.3,0.0118483021711487,-4.4355706983624,34,1,7.87726996673695,0
"ES64",2023,132824,85493,1553.62427333232,7.34834572134158,20500,9.9281801651265,6124.2,8.72000341463751,1063.6,0.0124407846256419,-4.38677512085932,32.8,1,7.87726996673695,0
"FR10",2017,80148624,12174880,6583.11408408132,8.79226317742273,56000,10.9331069697173,1020.3,6.92785198068126,366404.9,0.0300951549419789,-3.50339108556639,47.9,0,12229.5641068859,4
"FR10",2018,86005403,12213447,7041.86156455258,8.85962784098052,57600,10.961277846684,1023.5,6.93098340510134,376691.9,0.0308423903587579,-3.4788652249003,49.3,0,12229.5641068859,4
"FR10",2019,84665344,12262544,6904.38656122253,8.83991222210292,59800,10.9987609399387,1026.8,6.93420244899699,379050.4,0.0309112366895483,-3.476635514271,51.5,0,12229.5641068859,4
"FR10",2020,31284381,12271794,2549.29157057232,7.84357078409277,55100,10.916904995141,1027.9,6.93527316501888,360786.1,0.0293996216038177,-3.52677347533877,54.3,0,12229.5641068859,4
"FR10",2021,45032572,12317279,3656.04871010878,8.2041382558192,59400,10.9920495053507,1031.5,6.93876933251131,389533,0.0316249230045045,-3.45380976657759,54.4,0,12229.5641068859,4
"FR10",2022,80351452,12380964,6489.91887869151,8.77800531018882,63200,11.0540595801349,1037,6.94408720822953,420741.9,0.0339829677236764,-3.38189582918663,55,0,12229.5641068859,4
"FR10",2023,85162673,12407359,6863.8840062579,8.83402874216981,66800,11.1094583595247,1039.1,6.9461102328586,443071,0.0357103393236224,-3.33231501521924,56.5,0,12229.5641068859,4
"FRB0",2017,9838879,2576252,3819.06700120951,8.24776143124798,28600,10.2611619968079,65.6,4.18357569595004,38251.8,0.0148478487352945,-4.2099002905377,30.3,0,39536.0623731285,3
"FRB0",2018,10022003,2572853,3895.28783805371,8.26752285494637,29000,10.2750511089686,65.5,4.18205014264121,38718.9,0.0150490136824762,-4.19644282598292,31.8,0,39536.0623731285,3
"FRB0",2019,10269138,2573180,3990.83546428932,8.29175587751117,29700,10.2989023247908,65.4,4.18052225846315,38788.4,0.0150741106335352,-4.1947765342263,31.7,0,39536.0623731285,3
"FRB0",2020,5878779,2574863,2283.14244291832,7.73330803745174,28700,10.2646524017477,65.6,4.18357569595004,37452.2,0.0145453175567011,-4.23048615456783,31.9,0,39536.0623731285,3
"FRB0",2021,7549059,2573303,2933.6067303384,7.98398791097946,30500,10.3254819625955,65.5,4.18205014264121,39700.7,0.0154279150181693,-4.17157674693696,32.7,0,39536.0623731285,3
"FRB0",2022,10394573,2581597,4026.41194578395,8.30063092232243,31500,10.3577428248137,65.8,4.18661983833127,42100,0.0163077350957566,-4.11611573797871,34.9,0,39536.0623731285,3
"FRB0",2023,10742288,2581716,4160.91003038289,8.333489086635,34800,10.4573726657626,65.8,4.18661983833127,44210.4,0.0171244242201698,-4.06724951757895,37.8,0,39536.0623731285,3
"FRC1",2017,6985462,1632887,4277.98249358345,8.3612367974375,28900,10.2715968741005,51.6,3.94352167248752,23848.1,0.0146048685548969,-4.22640034318999,30.3,0,31594.3201374927,3
"FRC1",2018,6949033,1628737,4266.51632522623,8.35855292434369,29600,10.2955296403122,51.5,3.94158180766969,24168.7,0.014838921200906,-4.21050173924208,30.2,0,31594.3201374927,3
"FRC1",2019,6981570,1625776,4294.3000757792,8.36504385857255,30000,10.3089526606443,51.3,3.93769075217672,24214,0.0148938107094704,-4.20680954095462,31.9,0,31594.3201374927,3
"FRC1",2020,4071173,1622967,2508.47552661268,7.82743048769281,29300,10.2853427950052,51.4,3.93963817246112,23331.2,0.0143756465781498,-4.24221971396071,35,0,31594.3201374927,3
"FRC1",2021,4991476,1620593,3080.03058139829,8.03269480494375,31100,10.3449630981673,51.2,3.93573953204546,24809.7,0.0153090257701965,-4.17931270489724,35.9,0,31594.3201374927,3
"FRC1",2022,7068254,1622908,4355.30171765744,8.37914916763478,32800,10.3981837943722,51.4,3.93963817246112,26295.9,0.0162029517384843,-4.12256184726204,34.5,0,31594.3201374927,3
"FRC1",2023,7254703,1619967,4478.30295308485,8.40699944852926,34700,10.454494965935,51.3,3.93769075217672,27558.6,0.0170118280187189,-4.07384641105174,36.4,0,31594.3201374927,3
"FRC2",2017,4213688,1178536,3575.35790166783,8.18182056247184,26900,10.1998815655899,72.7,4.28634138453947,16691.4,0.0141628257431254,-4.25713465249532,32.5,0,16262.9769056585,1
"FRC2",2018,4182165,1179070,3547.0031465477,8.17385834187436,27000,10.2035921449865,72.7,4.28634138453947,16928.4,0.0143574172865055,-4.24348858623803,30.1,0,16262.9769056585,1
"FRC2",2019,4352057,1179804,3688.79661367481,8.21305556289023,28000,10.2399597891573,72.6,4.28496492183075,16953.4,0.01436967496296,-4.2426351982869,29.1,0,16262.9769056585,1
"FRC2",2020,2943014,1178728,2496.77109562172,7.82275361432024,27100,10.2072890068678,72.8,4.28771595520264,16289.4,0.0138194731948338,-4.28167658041158,33.8,0,16262.9769056585,1
"FRC2",2021,3170227,1179601,2687.54180438979,7.89638222743672,28300,10.2506170836313,72.7,4.28634138453947,17339.2,0.0146992076134218,-4.21996169049917,32.7,0,16262.9769056585,1
"FRC2",2022,4242909,1181069,3592.43109420364,8.18658443731096,29300,10.2853427950052,72.8,4.28771595520264,17962.6,0.0152087642635612,-4.18588342101075,36.8,0,16262.9769056585,1
"FRC2",2023,4425922,1180267,3749.93285417622,8.22949321325114,31200,10.3481733737976,72.8,4.28771595520264,18781.7,0.0159130942405405,-4.14061297153569,36.9,0,16262.9769056585,1
"FRD1",2017,9359302,1474257,6348.48740755513,8.75597185997714,27400,10.2182982923762,83,4.4188406077966,21323.8,0.014464099543024,-4.23608559323321,23.8,0,17593.4472649785,1
"FRD1",2018,9971301,1471632,6775.67557650282,8.82109435686556,28200,10.2470772569262,82.8,4.41642806139121,21785.9,0.014803904780543,-4.21286429648763,28.5,0,17593.4472649785,1
"FRD1",2019,10573265,1469892,7193.2257608042,8.88089499555641,28800,10.268130666124,82.6,4.41400968052693,22115.8,0.0150458673154218,-4.19665192247785,28.2,0,17593.4472649785,1
"FRD1",2020,6539885,1471115,4445.52941136485,8.3996542435251,27900,10.2363819678095,82.8,4.41642806139121,21211.1,0.0144183833350894,-4.23925126609494,32.6,0,17593.4472649785,1
"FRD1",2021,7973097,1473114,5412.41003751237,8.59644975092778,29500,10.2921455423279,82.6,4.41400968052693,22687.5,0.0154010483913669,-4.17331969451823,34.6,0,17593.4472649785,1
"FRD1",2022,11025012,1477564,7461.61384549163,8.91752700297698,31000,10.3417424834673,83.3,4.4224485491728,24237.2,0.0164034857373352,-4.110261421777,33.8,0,17593.4472649785,1
"FRD1",2023,11185191,1477731,7569.16583600128,8.93183814696494,33900,10.4311702933685,83.3,4.4224485491728,25545.4,0.0172869081043844,-4.05780582093551,38.6,0,17593.4472649785,1
"FRD2",2017,5068017,1856221,2730.28750348154,7.91216219526462,29400,10.2887499533268,151.6,5.02124547320827,28389.7,0.0152943534202016,-4.18027157620539,27.4,0,12440.4170929013,0
"FRD2",2018,5158237,1855845,2779.45464195555,7.93001001548201,29500,10.2921455423279,151.4,5.01992534100335,28929.7,0.0155884246798628,-4.16122664785171,27,0,12440.4170929013,0
"FRD2",2019,5181171,1855140,2792.87331414341,7.93482620657181,30100,10.312280450737,151.2,5.01860346374543,29047.8,0.0156580096380866,-4.15677269495908,28.9,0,12440.4170929013,0
"FRD2",2020,3152525,1854407,1700.01784937179,7.43839402961965,28900,10.2715968741005,151.4,5.01992534100335,27900.5,0.0150455105055147,-4.19667563757054,31.8,0,12440.4170929013,0
"FRD2",2021,3769919,1854852,2032.46350652235,7.61700388629022,31000,10.3417424834673,151.2,5.01860346374543,29691.3,0.0160073687819837,-4.13470611388846,33.8,0,12440.4170929013,0
"FRD2",2022,5514045,1861510,2962.13557810595,7.99366576626703,32800,10.3981837943722,152,5.02388052084628,31474.5,0.0169080477676725,-4.07996557112944,35.4,0,12440.4170929013,0
"FRD2",2023,5639908,1861791,3029.29168741282,8.01608410464534,35000,10.4631033404715,152.1,5.02453819926525,32976.4,0.0177121921848371,-4.03350205253062,35,0,12440.4170929013,0
"FRE1",2017,8287596,4072379,2035.07482972484,7.6182878685642,27200,10.2109722522841,328.1,5.79331843996706,62255.6,0.0152872804815072,-4.18073413741734,29.7,0,12304.7747020831,1
"FRE1",2018,8534502,4072977,2095.39656128674,7.64749810384027,27700,10.2291876921754,327.9,5.7927086838506,63641.7,0.0156253521686963,-4.15886054481711,31.9,0,12304.7747020831,1
"FRE1",2019,8759221,4073624,2150.22815065897,7.67332923207731,28300,10.2506170836313,327.4,5.79118266493703,64015.1,0.0157145333000787,-4.15316930690959,33,0,12304.7747020831,1
"FRE1",2020,4669549,4069913,1147.33386192776,7.04519614881892,27400,10.2182982923762,328.1,5.79331843996706,61989.4,0.0152311363903848,-4.18441349960029,32.1,0,12304.7747020831,1
"FRE1",2021,5780910,4072734,1419.41752149784,7.25800187031358,29100,10.2784934531596,327.9,5.7927086838506,66797,0.016401022016169,-4.11041162803459,35.8,0,12304.7747020831,1
"FRE1",2022,8785532,4077093,2154.85199871575,7.67547732208926,30500,10.3254819625955,328.3,5.79392782450755,70632.9,0.0173243288784435,-4.05564347183145,34.6,0,12304.7747020831,1
"FRE1",2023,9114394,4073012,2237.75279817491,7.71322742619152,32600,10.3920675673548,328,5.79301360838414,73771.5,0.0181122717045764,-4.01116557571697,34.9,0,12304.7747020831,1
"FRE2",2017,5465291,1931436,2829.65161672455,7.94790887942851,25500,10.1464337311465,99.6,4.60116216459055,25291.9,0.0130948682741753,-4.33553486031893,24.1,0,19320.8653641625,2
"FRE2",2018,5569459,1931131,2884.03997450199,7.9669473590931,25500,10.1464337311465,99.5,4.60015764416455,25640.8,0.0132776077852823,-4.32167628781083,28.1,0,19320.8653641625,2
"FRE2",2019,6113054,1931323,3165.21576142365,8.05997650332066,26300,10.1773242181659,99.4,4.59915211366253,25725.6,0.0133201955343565,-4.31847393422115,28.1,0,19320.8653641625,2
"FRE2",2020,3367175,1927821,1746.62222270636,7.46543904330781,25200,10.1345992734995,99.6,4.60116216459055,24701,0.0128129115721843,-4.35730189989236,32.6,0,19320.8653641625,2
"FRE2",2021,4183600,1922558,2176.05918781124,7.68527080788681,26900,10.1998815655899,99.4,4.59915211366253,26303.4,0.0136814598051138,-4.2917136615808,31.6,0,19320.8653641625,2
"FRE2",2022,6296379,1921823,3276.25332822013,8.09445577049979,28700,10.2646524017477,99,4.59511985013459,27938.7,0.0145376030987245,-4.2310166692468,31.8,0,19320.8653641625,2
"FRE2",2023,6489556,1917280,3384.77217725111,8.1270418794628,30700,10.3320179335753,98.8,4.59309760475382,29207.3,0.015233716515063,-4.18424411590476,32.6,0,19320.8653641625,2
"FRF1",2017,9864323,1889589,5220.3537382997,8.56032044453847,31900,10.3703612887729,229.2,5.43459498484058,32126.1,0.0170016336885958,-4.074445840214,32,0,8385.12045226275,1
"FRF1",2018,10255315,1898533,5401.70489530601,8.59446990407583,32800,10.3981837943722,230,5.4380793089232,32907.4,0.0173330671629095,-4.05513920517272,33,0,8385.12045226275,1
"FRF1",2019,10592626,1907143,5554.18550155914,8.62230706694153,33400,10.4163111789648,230.6,5.44068460783496,33148.8,0.01738139195645,-4.0523550727978,35.4,0,8385.12045226275,1
"FRF1",2020,4843582,1915915,2528.0777069964,7.83521449332138,31700,10.3640719598654,231.2,5.44328313679822,31634.2,0.0165112752914404,-4.10371178045719,39,0,8385.12045226275,1
"FRF1",2021,6707893,1919745,3494.1583387377,8.15884780699339,33700,10.4252531163405,231.9,5.44630624426149,34043.1,0.0177331364321824,-4.03232027481265,37.7,0,8385.12045226275,1
"FRF1",2022,10284586,1924763,5343.29992835482,8.58359870520443,35200,10.4688013615862,233.1,5.45146754604171,36270.9,0.0188443460311737,-3.97154235537653,40.5,0,8385.12045226275,1
"FRF1",2023,11133878,1927888,5775.16847451719,8.66132270804104,37900,10.5427063910705,233.5,5.45318207710895,38021.2,0.0197216850771414,-3.926036483299,44.5,0,8385.12045226275,1
"FRF2",2017,4182228,1328134,3148.95033181893,8.0548244482929,29100,10.2784934531596,51.9,3.94931879017184,19158.6,0.0144252010715786,-4.23877852758088,24.9,0,25567.9083981003,2
"FRF2",2018,4395364,1323396,3321.27647355742,8.10810446800422,29800,10.3022636724935,51.7,3.94545778151438,19508.9,0.0147415437253853,-4.217085667353,28.3,0,25567.9083981003,2
"FRF2",2019,4205576,1320191,3185.58148025551,8.06639011971176,30200,10.315597203363,51.5,3.94158180766969,19409.6,0.0147021150727433,-4.219763913048,27.1,0,25567.9083981003,2
"FRF2",2020,2334302,1319593,1768.95603417114,7.47814484035808,28800,10.268130666124,51.6,3.94352167248752,18639.8,0.0141254159426429,-4.25977955511644,24.8,0,25567.9083981003,2
"FRF2",2021,2930471,1316522,2225.91874651544,7.70792502915465,30900,10.3385114628858,51.4,3.93963817246112,19785.1,0.0150283094395688,-4.1978195606141,31.3,0,25567.9083981003,2
"FRF2",2022,4295536,1312252,3273.40785154071,8.09358687765775,34100,10.4370526632716,51.3,3.93769075217672,21012.9,0.0160128542383628,-4.13436348938961,28.9,0,25567.9083981003,2
"FRF2",2023,4421948,1308276,3379.98098260612,8.12562536201334,37000,10.5186731916264,51.1,3.93378449720966,22047.9,0.0168526365996166,-4.08324815966997,30.1,0,25567.9083981003,2
"FRF3",2017,7222371,2331863,3097.25356935635,8.03827105242277,25500,10.1464337311465,99.1,4.59612944133594,31367.8,0.0134518194250691,-4.30864090884355,30.5,0,23503.1767366461,1
"FRF3",2018,7551976,2328460,3243.33507983818,8.0843574250025,25900,10.1619982476876,98.9,4.59410923862867,31695.9,0.0136123875866453,-4.29677504885484,28.9,0,23503.1767366461,1
"FRF3",2019,7554704,2328885,3243.91457714743,8.08453608231999,26300,10.1773242181659,98.6,4.59107126160859,31711.8,0.0136167307531286,-4.29645603988319,33,0,23503.1767366461,1
"FRF3",2020,4429262,2327143,1903.30460998744,7.55134692279317,25300,10.1385596747156,98.9,4.59410923862867,30602.3,0.0131501587998675,-4.33132144439573,32.5,0,23503.1767366461,1
"FRF3",2021,5246327,2325020,2256.46532072842,7.72155485053758,27000,10.2035921449865,98.7,4.59208494643944,32453.5,0.0139583745516168,-4.27167562455773,31.1,0,23503.1767366461,1
"FRF3",2022,7345998,2323064,3162.2021605948,8.05902395013266,28100,10.2435248553218,98.7,4.59208494643944,34374.8,0.014797181653196,-4.21331854518405,30.3,0,23503.1767366461,1
"FRF3",2023,7481046,2318308,3226.94223545793,8.07929029150685,30500,10.3254819625955,98.5,4.59005654817804,35810.9,0.0154469984143608,-4.17034057190033,32.2,0,23503.1767366461,1
"FRG0",2017,23050909,3757600,6134.47652757079,8.72168002792524,30500,10.3254819625955,117.1,4.76302827060367,60829.5,0.0161883915265063,-4.12346086604243,33.3,0,32295.5687173734,0
"FRG0",2018,23985251,3781423,6342.91667449,8.75509398493875,31200,10.3481733737976,117.7,4.76813901426623,62859.2,0.0166231601172363,-4.09695836820448,34.6,0,32295.5687173734,0
"FRG0",2019,24472565,3806461,6429.21732286237,8.76860808709538,32200,10.3797217315325,118.3,4.77322377098434,63918.2,0.0167920280806765,-4.08685102420005,35.1,0,32295.5687173734,0
"FRG0",2020,15540951,3832120,4055.44476686534,8.307815644102,31500,10.3577428248137,118.6,4.77575648656363,62145,0.0162168721230024,-4.12170308964305,35.9,0,32295.5687173734,0
"FRG0",2021,19660926,3853999,5101.4351586495,8.5372771827826,33300,10.4133126759685,119.2,4.78080275463125,66988.2,0.0173814783034453,-4.05235010502646,38.6,0,32295.5687173734,0
"FRG0",2022,25350473,3879216,6534.94752547938,8.78491959626011,34400,10.4458118433615,120.8,4.79413628550071,72064.4,0.0185770526828101,-3.98582818666097,40,0,32295.5687173734,0
"FRG0",2023,25877514,3898424,6637.94240954806,8.80055731636824,36700,10.5105320340427,121.4,4.7990908786254,76114.1,0.0195243257275248,-3.93609411765424,38.7,0,32295.5687173734,0
"FRH0",2017,23216369,3318904,6995.19148489983,8.85297826126384,29300,10.2853427950052,121.5,4.7999142627806,49864.8,0.0150244779601941,-4.1980745439103,34,1,27330.6137955588,0
"FRH0",2018,23792714,3335414,7133.36155571692,8.87253786874292,29700,10.2989023247908,122,4.80402104473326,51281.5,0.0153748530167469,-4.17502202522163,37.7,1,27330.6137955588,0
"FRH0",2019,24617965,3354854,7338.01381520627,8.90082348760714,30600,10.3287552879405,122.4,4.80729437007823,51969,0.0154906890135905,-4.16751614435537,37.7,1,27330.6137955588,0
"FRH0",2020,16281271,3373835,4825.74607234794,8.48172062821301,29700,10.2989023247908,122.8,4.81055701571304,50918.3,0.0150921132776203,-4.1935829711025,38.1,1,27330.6137955588,0
"FRH0",2021,20049429,3394567,5906.32884842161,8.68377974115025,31700,10.3640719598654,123.4,4.81543111147129,54764.4,0.0161329559852553,-4.12689114354488,40.4,1,27330.6137955588,0
"FRH0",2022,26161642,3422845,7643.24472770458,8.94157749457909,33100,10.4072885613652,125.3,4.83071086190202,58669.9,0.017140682677714,-4.06630053710078,42.1,1,27330.6137955588,0
"FRH0",2023,26811895,3440248,7793.59365952687,8.96105734950325,35400,10.4744670991219,126,4.83628190695148,61787.1,0.0179600714832187,-4.01960423598134,40.2,1,27330.6137955588,0
"FRI1",2017,35127899,3414585,10287.6042037319,9.23869497409387,30400,10.3221978873943,82.9,4.41763506214125,53008.5,0.0155241412938908,-4.16535896387487,34.4,0,41939.8131512556,3
"FRI1",2018,35395737,3437398,10297.2472201357,9.23963187831636,31200,10.3481733737976,83.4,4.4236483093647,54651,0.0158989444923166,-4.14150255609051,35.4,0,41939.8131512556,3
"FRI1",2019,36101281,3464554,10420.1813566768,9.25149971982738,32000,10.3734911817819,83.9,4.42962561347316,55565.9,0.0160383991705715,-4.1327694838578,35.7,0,41939.8131512556,3
"FRI1",2020,23992319,3485404,6883.65509421576,8.83690505355095,30600,10.3287552879405,84.1,4.4320065669789,53799.9,0.0154357715776995,-4.17106763344039,36,0,41939.8131512556,3
"FRI1",2021,30088512,3515932,8557.76277811971,9.05459407727962,33100,10.4072885613652,84.7,4.43911560165801,58034.7,0.0165062066046784,-4.10401881094594,39.9,0,41939.8131512556,3
"FRI1",2022,36095300,3551431,10163.5932107367,9.22656732108273,34400,10.4458118433615,86.2,4.45667017766965,62399.7,0.0175702977194263,-4.04154543216708,41.2,0,41939.8131512556,3
"FRI1",2023,37035288,3575256,10358.7793433533,9.24558968487104,36800,10.513253124157,86.8,4.4636066216663,65826.7,0.0184117445016525,-3.99476652985314,40.5,0,41939.8131512556,3
"FRI2",2017,2623480,734528,3571.65417792106,8.18078412261779,26100,10.1696905933108,43.2,3.76584049525006,9963.2,0.0135640846911214,-4.30032981092215,30.7,0,17063.1450256281,0
"FRI2",2018,2653115,731285,3628.01780427603,8.19644171868606,26400,10.1811192891344,43,3.76120011569356,10102.5,0.0138147233978545,-4.28202034267803,32,0,17063.1450256281,0
"FRI2",2019,2620770,729049,3594.7789517577,8.1872377805756,27700,10.2291876921754,42.9,3.75887182593397,10469.9,0.0143610374611309,-4.24323647137486,33.1,0,17063.1450256281,0
"FRI2",2020,1771882,727308,2436.21959334972,7.79820276982022,27200,10.2109722522841,42.9,3.75887182593397,10210.7,0.0140390316069671,-4.26591385662602,33.8,0,17063.1450256281,0
"FRI2",2021,2088588,727177,2872.18655155485,7.96282888333537,28700,10.2646524017477,42.7,3.75419892023458,10896.3,0.0149843848196519,-4.2007466321325,37,0,17063.1450256281,0
"FRI2",2022,2598843,728087,3569.41272128193,8.18015635739885,29000,10.2750511089686,42.9,3.75887182593397,11038,0.0151602761757867,-4.18907668153367,35.9,0,17063.1450256281,0
"FRI2",2023,2541840,726934,3496.65856872839,8.15956309681728,31500,10.3577428248137,42.8,3.75653810258775,11531.8,0.0158636134779774,-4.14372725278806,40.7,0,17063.1450256281,0
"FRI3",2017,15796296,1807865,8737.54179653901,9.07538417011163,28000,10.2399597891573,69.9,4.24706564923976,25094.3,0.0138806271485979,-4.27726114130766,30,0,25796.7656618465,1
"FRI3",2018,15810801,1811095,8729.96778192199,9.07451695832535,28600,10.2611619968079,69.9,4.24706564923976,25775.7,0.0142321081997355,-4.25225472608036,30.9,0,25796.7656618465,1
"FRI3",2019,16319114,1816686,8982.902934244,9.10307837567645,29400,10.2887499533268,70,4.24849524204936,25917.1,0.0142661417548217,-4.2498662586257,30.4,0,25796.7656618465,1
"FRI3",2020,10985041,1821240,6031.6273527926,8.70477212939624,28600,10.2611619968079,70.2,4.25134831103177,25206.4,0.0138402407151172,-4.28017493623309,33.4,0,25796.7656618465,1
"FRI3",2021,13762935,1826243,7536.20137079239,8.92747353707653,30400,10.3221978873943,70.3,4.25277179881662,26943.7,0.0147536226011544,-4.21626662627281,33.3,0,25796.7656618465,1
"FRI3",2022,17389487,1833866,9482.41965334436,9.15719480037602,31700,10.3640719598654,70.8,4.25985900069967,28697.2,0.0156484715895273,-4.15738202877626,36.8,0,25796.7656618465,1
"FRI3",2023,17733863,1836624,9655.68510484454,9.17530215089976,34500,10.4487146030195,71,4.26267987704132,30165.9,0.0164246465253639,-4.10897223536882,36.6,0,25796.7656618465,1
"FRJ1",2017,36494757,2810383,12985.688071697,9.47160311242702,26600,10.1886664947698,103.1,4.63569939102291,36698,0.0130580066844982,-4.33835379430956,32,0,27771.1964862404,5
"FRJ1",2018,36521648,2830361,12903.5299737383,9.46525619429186,27000,10.2035921449865,103.8,4.64246597073179,37586.3,0.0132796841109668,-4.32151992204155,33.3,0,27771.1964862404,5
"FRJ1",2019,36691951,2854713,12853.1137806147,9.46134137852678,27800,10.2327912996787,104.4,4.64822967544854,38107,0.0133488024890768,-4.31632859935202,34.5,0,27771.1964862404,5
"FRJ1",2020,24552740,2875045,8539.94980948124,9.05251040965542,27200,10.2109722522841,104.7,4.65109911787649,37057.2,0.0128892591246398,-4.35136094043698,41,0,27771.1964862404,5
"FRJ1",2021,32037945,2898280,11054.123480133,9.31055880295983,29300,10.2853427950052,105.4,4.65776263610726,40401.2,0.0139397159694715,-4.27301324907459,38.4,0,27771.1964862404,5
"FRJ1",2022,38505844,2928581,13148.2940031367,9.484047295588,30300,10.3189029914975,107.4,4.67656018207476,43299.3,0.0147850785073044,-4.21413681576252,37.6,0,27771.1964862404,5
"FRJ1",2023,38706486,2948904,13125.7192502706,9.48232888597898,32400,10.3859137017804,108.2,4.68398136641238,45574,0.0154545553195357,-4.16985147640755,38.9,0,27771.1964862404,5
"FRJ2",2017,18058187,3034719,5950.5301808833,8.69123560060078,31600,10.360912399575,67.1,4.20618404397764,50084.8,0.0165039333131008,-4.10415654387205,38.6,0,45458.2340299984,2
"FRJ2",2018,17883007,3055135,5853.42611701283,8.67478242982125,32600,10.3920675673548,67.5,4.21212759787848,51518.3,0.0168628554875644,-4.08264197612477,44.2,0,45458.2340299984,2
"FRJ2",2019,18213461,3078472,5916.39651099636,8.68548284507971,33500,10.4193007178132,67.8,4.21656219494635,52312.1,0.0169928782850713,-4.07496094710684,44.6,0,45458.2340299984,2
"FRJ2",2020,10927777,3098924,3526.31332681924,8.16800822084173,31000,10.3417424834673,68,4.21950770517611,50091.9,0.0161642879915739,-4.12495091507398,43.3,0,45458.2340299984,2
"FRJ2",2021,13233159,3123896,4236.10741202652,8.35140006334659,33300,10.4133126759685,68.5,4.22683374526818,53615,0.0171628632963453,-4.06500734008031,44.2,0,45458.2340299984,2
"FRJ2",2022,16973451,3152150,5384.72185651064,8.59132093672644,34500,10.4487146030195,69.6,4.24276456734037,57898.4,0.0183679076186095,-3.99715028833228,44.3,0,45458.2340299984,2
"FRJ2",2023,17469392,3172349,5506.76864367697,8.61373327706293,37600,10.534759329378,70.1,4.24992279404054,61308.1,0.0193257740557549,-3.94631563067926,46.3,0,45458.2340299984,2
"FRK1",2017,6952263,1364156,5096.38413788452,8.53628657468666,27900,10.2363819678095,52.4,3.958906591327,19554.2,0.0143342843487109,-4.24510110424768,27.8,0,26076.2271827905,1
"FRK1",2018,6765455,1368536,4943.57108618261,8.50584324096124,28400,10.2541444241493,52.5,3.96081316959758,19516.2,0.0142606405677308,-4.25025194440666,29.6,0,26076.2271827905,1
"FRK1",2019,6867638,1370389,5011.45149297024,8.51948087127416,29200,10.2819239882564,52.6,3.96271611974366,19813.9,0.0144585953331499,-4.23646620852263,31.1,0,26076.2271827905,1
"FRK1",2020,4867297,1369348,3554.46314596436,8.17595931704018,28200,10.2470772569262,52.6,3.96271611974366,19263,0.0140672787341129,-4.26390383565114,31.2,0,26076.2271827905,1
"FRK1",2021,5639252,1368667,4120.25131021644,8.32366943810864,30100,10.312280450737,52.6,3.96271611974366,20511.1,0.0149861872902613,-4.20062634943619,30.2,0,26076.2271827905,1
"FRK1",2022,7073269,1371660,5156.72178236589,8.54805634308349,31000,10.3417424834673,52.6,3.96271611974366,21863.3,0.0159392998264876,-4.13896753215022,33.8,0,26076.2271827905,1
"FRK1",2023,7301468,1370396,5327.99862229604,8.58073095364212,33600,10.4222813459513,52.5,3.96081316959758,22867.5,0.0166867825066623,-4.09313833960146,34.9,0,26076.2271827905,1
"FRK2",2017,50716631,6584131,7702.85873716668,8.94934680350724,34700,10.454494965935,149.3,5.00595770454514,118758.7,0.0180371107439995,-4.01532393548926,39.2,0,44973.3536180628,2
"FRK2",2018,50890384,6625923,7680.49734353991,8.94643958231842,35800,10.4857031723888,150.2,5.01196773933003,122011.3,0.0184142345149498,-3.99463129851007,40.7,0,44973.3536180628,2
"FRK2",2019,51484901,6672547,7715.9293145481,8.95104221309046,36600,10.5078035193895,150.9,5.0166173657738,123493.5,0.0185077002829654,-3.98956840198652,41.8,0,44973.3536180628,2
"FRK2",2020,33723507,6709304,5026.37933830394,8.52245519044523,35100,10.465956409454,151.2,5.01860346374543,118917.2,0.0177242229596393,-4.03282304619122,43.2,0,44973.3536180628,2
"FRK2",2021,35900802,6745694,5322.03239577722,8.57961053866252,37200,10.5240640402612,152,5.02388052084628,128076,0.018986334096981,-3.9640358166595,44.6,0,44973.3536180628,2
"FRK2",2022,53025217,6792224,7806.75328139944,8.96274444339209,38900,10.5687495296065,153.9,5.03630304084483,137545.8,0.0202504805495225,-3.89957675487054,46.8,0,44973.3536180628,2
"FRK2",2023,53752587,6826040,7874.6369783945,8.97140236464964,42400,10.65490364122,154.7,5.04148775757902,144647.3,0.0211905145589537,-3.85420162389371,46.9,0,44973.3536180628,2
"FRL0",2017,55009954,5030890,10934.4378430059,9.29967252282787,33000,10.4042628404486,161.4,5.08388575583585,83195.3,0.0165368950623051,-4.10216132996491,36.2,0,31687.5273198355,4
"FRL0",2018,54755962,5052832,10836.6876238909,9.29069265854593,33600,10.4222813459513,162,5.08759633523238,85112.8,0.0168445734985846,-4.08372672161397,37.9,0,31687.5273198355,4
"FRL0",2019,54623288,5081101,10750.2858140391,9.28268762055485,34300,10.442900633154,162.4,5.09006242772758,85778.7,0.0168819120108024,-4.08151252544685,38.8,0,31687.5273198355,4
"FRL0",2020,33033812,5098666,6478.91271952311,8.77630798507092,32800,10.3981837943722,163,5.09375020080676,81831.8,0.0160496490650692,-4.13206829474988,40,0,31687.5273198355,4
"FRL0",2021,42615124,5127840,8310.5408905114,9.02527997484217,38500,10.5584135202759,163.5,5.09681299033731,88858.4,0.017328621797872,-4.05539570537193,40.8,0,31687.5273198355,4
"FRL0",2022,55539119,5170312,10741.9279532841,9.28190986343156,42100,10.6478030196705,165.9,5.1113851971964,96318.5,0.0186291465582735,-3.98302790549453,41.9,0,31687.5273198355,4
"FRL0",2023,55080043,5194349,10603.8394801736,9.26897142962681,40500,10.6090572530946,166.7,5.11619578975675,101073.1,0.0194582805275502,-3.93948256545244,42.1,0,31687.5273198355,4
"FRM0",2017,11035499,334938,32947.8858773863,10.4026823763361,29000,10.2750511089686,38.8,3.65842024662923,4999.7,0.0149272402653625,-4.20456752943575,35.5,1,8509.43839777106,1
"FRM0",2018,11124235,338554,32858.0817240381,10.3999530126516,29800,10.3022636724935,39.2,3.66867674679642,5144.3,0.0151949172067085,-4.18679430134764,27.5,1,8509.43839777106,1
"FRM0",2019,10675065,340440,31356.6707789919,10.3531823074446,30400,10.3221978873943,39.6,3.67882911826043,5241.4,0.0153959581717777,-4.17365026038833,26.2,1,8509.43839777106,1
"FRM0",2020,6197540,343701,18031.7776206645,9.7998909037204,28800,10.268130666124,39.4,3.67376581630389,4891.2,0.0142309740152051,-4.25233442121123,39.3,1,8509.43839777106,1
"FRM0",2021,9259540,347597,26638.7224285595,10.1901211666185,31500,10.3577428248137,39.8,3.68386691229039,5480.1,0.0157656711651712,-4.14992041377549,27.8,1,8509.43839777106,1
"FRM0",2022,11011106,351276,31346.0242088842,10.3528427185255,32700,10.3951303568853,40.7,3.70622809244855,5979.8,0.0170230815654927,-4.07318511667363,32.2,1,8509.43839777106,1
"FRM0",2023,10216547,354266,28838.6325529404,10.2694711753282,36000,10.4912742174382,41,3.71357206670431,6208.5,0.0175249671151056,-4.04412872251942,32.5,1,8509.43839777106,1
"HR03",2017,81860833,1353140,60496.9426666864,11.0103481083071,12100,9.40096073158483,56.4,4.03246915850401,7340.49,0.00542478235807086,-5.21677749868833,23.7,1,24422.4787598305,7
"HR03",2018,84846421,1337048,63458.0217015395,11.0581338907077,12900,9.46498259034976,56.1,4.02713581252865,7907.11,0.00591385649580269,-5.1304571230132,26.7,1,24422.4787598305,7
"HR03",2019,86216777,1325462,65046.5852661185,11.0828589885754,13500,9.51044496442652,56,4.02535169073515,8144.74,0.00614483100986675,-5.0921440367708,27.1,1,24422.4787598305,7
"HR03",2020,39055359,1317600,29641.2864298725,10.2969234802858,11600,9.35876037709446,56,4.02535169073515,7919.84,0.00601080752884032,-5.11419617526136,26.5,1,24422.4787598305,7
"HR03",2021,67200948,1304875,51499.9122521314,10.8493353828083,14000,9.5468126085974,55.9,4.02356438016105,8481.84,0.00650011686943194,-5.03593512232958,24.9,1,24422.4787598305,7
"HR03",2022,85573240,1296210,66018.0372007622,11.097683274592,16800,9.72913416539135,52.9,3.96840333886425,9733.4,0.00750912275017165,-4.89163663092494,25.1,1,24422.4787598305,7
"HR03",2023,87317514,1297987,67271.4857698883,11.1164917374398,19200,9.86266555801587,53.2,3.9740583963476,11326.97,0.00872656659889506,-4.74138327412938,28.8,1,24422.4787598305,7
"ITC1",2017,14900497,4370348,3409.45320601472,8.13430720727779,30400,10.3221978873943,174.3,5.16077795252597,51843,0.011862442075551,-4.43437799804634,18.1,0,25448.5831075602,4
"ITC1",2018,15100768,4349911,3471.51194587659,8.15234549731562,31200,10.3481733737976,173.6,5.15675380222625,53466.6,0.0122914238935003,-4.39885350422258,19.3,0,25448.5831075602,4
"ITC1",2019,14889951,4328565,3439.92778207096,8.14320575656305,31400,10.3545631718963,172.3,5.14923714353388,54064.6,0.0124901901669491,-4.3828117294242,19.3,0,25448.5831075602,4
"ITC1",2020,6636012,4311217,1539.24332734817,7.33904622877992,29000,10.2750511089686,171.8,5.14633100955016,51011.8,0.0118323433963078,-4.43691853131833,19.6,0,25448.5831075602,4
"ITC1",2021,9279507,4274945,2170.67283906577,7.68279246256018,32200,10.3797217315325,170.7,5.1399076298004,56287.3,0.0131667892803299,-4.33005758335641,20,0,25448.5831075602,4
"ITC1",2022,13749579,4256350,3230.36850822888,8.08035149894397,34500,10.4487146030195,169.1,5.13049025590453,59004.4,0.0138626757667955,-4.27855524708609,19.9,0,25448.5831075602,4
"ITC1",2023,14410448,4251351,3389.61614790216,8.12847196325609,37400,10.5294259834026,169,5.12989871492307,61910.7,0.0145625943376588,-4.22929906955471,20.9,0,25448.5831075602,4
"ITC2",2017,3599402,126677,28414.0135936279,10.2546377388449,37700,10.5374153734361,39,3.66356164612965,1678.4,0.0132494454399773,-4.32379958101241,18,0,3163.00685450631,0
"ITC2",2018,3606289,126213,28573.0392273379,10.2602188678428,38200,10.5505907945947,38.8,3.65842024662923,1704.4,0.0135041556733459,-4.30475781325172,18.8,0,3163.00685450631,0
"ITC2",2019,3625616,125653,28854.1936921522,10.2700106233186,38700,10.5635948790179,38.6,3.65325227647079,1724.7,0.0137258959197154,-4.28847101723496,18.9,0,3163.00685450631,0
"ITC2",2020,2194589,125034,17551.9378728986,9.77291964290634,35700,10.4829059677677,38.6,3.65325227647079,1592,0.012732536750004,-4.36359461289482,18.8,0,3163.00685450631,0
"ITC2",2021,1893178,124089,15256.6142043211,9.63276840632309,38700,10.5635948790179,38.4,3.64805745959368,1680,0.0135386698256896,-4.30220525667179,18.9,0,3163.00685450631,0
"ITC2",2022,3327231,123360,26971.71692607,10.202544074696,43900,10.6896695990633,38,3.63758615972639,1803.5,0.0146198119325551,-4.22537768845356,19.6,0,3163.00685450631,0
"ITC2",2023,3692878,123130,29991.6998294485,10.3086759500117,47200,10.7621491715736,37.9,3.63495111208838,1925.1,0.015634695037765,-4.15826279336234,20.8,0,3163.00685450631,0
"ITC3",2017,15531610,1551379,10011.4865548651,9.21148836826272,31500,10.3577428248137,288.7,5.66538808666889,18277.5,0.0117814537904664,-4.44122869661894,19.6,0,5410.722954961,1
"ITC3",2018,15183243,1541541,9849.39291267634,9.1951650990359,31800,10.3672215687683,287.3,5.66052696598524,18459.3,0.0119745760897699,-4.42496953591342,22,0,5410.722954961,1
"ITC3",2019,15074888,1532980,9833.7147255672,9.19357203855856,32500,10.3889953683178,284.3,5.65003001865695,18805.7,0.0122674137953528,-4.40080881710028,22,0,5410.722954961,1
"ITC3",2020,8568423,1524826,5619.27918332977,8.63395867546783,29600,10.2955296403122,282.7,5.64438626469954,17639.5,0.011568205159146,-4.45949487866542,21.7,0,5410.722954961,1
"ITC3",2021,11791468,1518495,7765.23333958953,8.9574117853038,32700,10.3951303568853,281.4,5.63977714468029,19087.5,0.0125700117550601,-4.37644132121255,21.9,0,5410.722954961,1
"ITC3",2022,15469705,1509227,10250.0849772764,9.23504127499818,35400,10.4744670991219,278.9,5.63085329463344,20465.9,0.0135605180665334,-4.30059279170314,22.3,0,5410.722954961,1
"ITC3",2023,16084210,1507636,10668.4969050885,9.2750504632468,38800,10.5661755256114,278.9,5.63085329463344,21325.6,0.0141450588868931,-4.25838991114833,23.5,0,5410.722954961,1
"ITC4",2017,39385960,9970419,3950.28132719397,8.28154207743342,39100,10.5738777459735,435.1,6.07557588972663,151551.6,0.0152001234852818,-4.18645172713121,20.4,0,23840.0776280607,5
"ITC4",2018,39115354,9986962,3916.64191773234,8.27298991200738,40000,10.5966347330961,436,6.07764224334903,158217,0.0158423552627916,-4.14506821281644,21.3,0,23840.0776280607,5
"ITC4",2019,40482939,10010833,4043.91312890745,8.30496809843274,40400,10.6065850639492,435.8,6.07718342251052,160703.9,0.0160529997853325,-4.13185954435728,21.2,0,23840.0776280607,5
"ITC4",2020,15529134,10027602,1548.63884705436,7.34513166091138,37900,10.5427063910705,434.7,6.07465613799475,153741,0.0153317812174835,-4.17782740123147,21.6,0,23840.0776280607,5
"ITC4",2021,25120583,9981554,2516.70060593771,7.83070403928709,42500,10.6572593549125,434.1,6.07327492230555,168730.6,0.0169042415639889,-4.08019070842566,21.2,0,23840.0776280607,5
"ITC4",2022,38971545,9943004,3919.49404827756,8.2737178551374,45900,10.7342203960486,432.1,6.06865704293789,179384.8,0.0180413082404473,-4.01509124810523,21.8,0,23840.0776280607,5
"ITC4",2023,41795073,9976509,4189.34849855796,8.34030051122212,49100,10.8016143137826,433.6,6.07212245012544,188904.3,0.0189349099970741,-3.96674797089692,23.5,0,23840.0776280607,5
"ITF1",2017,6193473,1313930,4713.70088208656,8.45822862838284,25000,10.1266311038503,122,4.80402104473326,12543.8,0.00954677950880184,-4.6515514055716,18.3,0,10943.3704944018,0
"ITF1",2018,6335072,1306059,4850.52512941605,8.48684225217671,25200,10.1345992734995,121.5,4.7999142627806,12848.3,0.00983745757274365,-4.62155797805669,19.3,0,10943.3704944018,0
"ITF1",2019,6176702,1300645,4748.95301946342,8.46567945577823,25500,10.1464337311465,120.5,4.79164975293071,13084.3,0.0100598549181368,-4.59920253607092,20.6,0,10943.3704944018,0
"ITF1",2020,4012792,1293941,3101.21713432065,8.03954993739102,23700,10.0732303271232,120,4.78749174278205,12219.7,0.00944378453113395,-4.66239847544334,21,0,10943.3704944018,0
"ITF1",2021,5197765,1281012,4057.54590901568,8.30833361393119,26300,10.1773242181659,119.1,4.77996347636125,13309.4,0.0103897543504667,-4.56693511703147,21.2,0,10943.3704944018,0
"ITF1",2022,6389803,1275950,5007.87883537756,8.5187677182735,28600,10.2611619968079,117.9,4.76983680754333,14186.2,0.0111181472628238,-4.49917661709661,21.6,0,10943.3704944018,0
"ITF1",2023,6804820,1272627,5347.06555809361,8.58430319559802,31100,10.3449630981673,117.6,4.76728903546453,14889.3,0.0116996574801572,-4.44819571280719,22.2,0,10943.3704944018,0
"ITF2",2017,435457,308400,1411.98767833982,7.25275369162688,21100,9.95702831946416,69.6,4.24276456734037,2371.5,0.00768968871595331,-4.86787497535367,19.7,0,4504.48929435393,0
"ITF2",2018,448600,306564,1463.31597969755,7.28846035835417,21700,9.98506753952855,69.1,4.23555473077362,2444.5,0.00797386516355475,-4.83158593967751,19.6,0,4504.48929435393,0
"ITF2",2019,439645,303790,1447.20036867573,7.27738618883211,22400,10.0168162378431,68.2,4.22244456484942,2468.2,0.00812469139866355,-4.81284753319061,19.2,0,4504.48929435393,0
"ITF2",2020,331966,300516,1104.65332960641,7.00728683586568,21000,9.95227771670556,68,4.21950770517611,2323.2,0.00773070319051232,-4.86255545150183,19.2,0,4504.48929435393,0
"ITF2",2021,456011,294294,1549.50831481444,7.34569294334083,23400,10.0604913013458,66.9,4.20319896713418,2481.9,0.00843340333136251,-4.77555487178966,19.5,0,4504.48929435393,0
"ITF2",2022,415257,292150,1421.38285127503,7.25938551564788,25000,10.1266311038503,65.6,4.18357569595004,2631.1,0.00900599007359233,-4.70986535930275,20.2,0,4504.48929435393,0
"ITF2",2023,494786,290636,1702.42502649362,7.43980899975216,27200,10.2109722522841,65.2,4.17745946893261,2724.7,0.00937495699087518,-4.66971329477617,21.9,0,4504.48929435393,0
"ITF3",2017,20449600,5776654,3540.04238439761,8.17189397904982,18600,9.83091685970129,427.8,6.0586557966483,42127.1,0.00729264726604709,-4.92088866224775,15.5,0,13632.3758099968,5
"ITF3",2018,21689412,5762889,3763.63521837745,8.23314058271914,18900,9.84691720104773,426.4,6.05537787285163,42870.7,0.00743909868817532,-4.90100558153813,15.6,0,13632.3758099968,5
"ITF3",2019,22013245,5740291,3834.8656888649,8.2518896907278,19400,9.87302834505142,422.2,6.04547913541422,43968.2,0.0076595768402682,-4.87179853954041,15.7,0,13632.3758099968,5
"ITF3",2020,7281574,5712143,1274.75345067517,7.15050806687427,18100,9.80366721725392,420,6.04025471127741,40825.6,0.00714716000632337,-4.94104020309461,16.1,0,13632.3758099968,5
"ITF3",2021,10710239,5624260,1904.29300921366,7.55186609490497,19900,9.89847501071258,415.7,6.02996384625859,44071.7,0.00783599975819041,-4.84902680975865,16.5,0,13632.3758099968,5
"ITF3",2022,17751500,5624420,3156.14765611388,8.05710746671224,21800,9.98966524877718,412,6.02102334934953,47557.2,0.00845548518780603,-4.77293991355822,16.9,0,13632.3758099968,5
"ITF3",2023,20695842,5609536,3689.40354425036,8.21322008284467,23700,10.0732303271232,410.8,6.0181064780544,50450,0.00899361373204486,-4.71124053884909,17.8,0,13632.3758099968,5
"ITF4",2017,15190865,4024067,3775.00300069556,8.23615645656905,18500,9.82552601106642,210.2,5.34805945844285,30541.7,0.00758975931563764,-4.88095539879707,14,1,19364.7775649407,3
"ITF4",2018,15197186,4000966,3798.37919142527,8.242329726153,18900,9.84691720104773,209.3,5.34376862945195,31385.3,0.00784443057001734,-4.8479514805154,14.8,1,19364.7775649407,3
"ITF4",2019,15441469,3975528,3884.13035953966,8.26465439206623,19300,9.86786037489298,206.8,5.33175214263427,32413.3,0.00815320631624277,-4.80934401606006,15.3,1,19364.7775649407,3
"ITF4",2020,10133031,3953305,2563.17966865698,7.84900382482674,18200,9.80917687306489,205.4,5.32495929749446,30284.5,0.00766055237326743,-4.87167118643692,15.3,1,19364.7775649407,3
"ITF4",2021,13874818,3933777,3527.09825696779,8.16823078835887,20300,9.91837616502988,204.3,5.31958950182358,32851.5,0.00835113429154728,-4.78535790604616,15.8,1,19364.7775649407,3
"ITF4",2022,16118097,3922941,4108.67688298142,8.320856329379,22100,10.0033328875058,202.9,5.31271324683177,34993.6,0.00892024631520076,-4.71943171895973,16.2,1,19364.7775649407,3
"ITF4",2023,16822144,3907683,4304.88962385127,8.36750677747421,23600,10.0690019910137,202.1,5.30876262440958,36659.5,0.00938139045567412,-4.66902729073731,17.5,1,19364.7775649407,3
"ITF5",2017,2497581,566405,4409.53204862245,8.3915238513872,21400,9.97114620100994,56.8,4.03953632572711,4641.2,0.00819413670430169,-4.80433641653291,16.5,0,10106.307893906,1
"ITF5",2018,2603622,562968,4624.81348851089,8.43919132232492,22600,10.0257051852604,56.4,4.03246915850401,4813.2,0.0085496866606983,-4.76186064457656,15.9,0,10106.307893906,1
"ITF5",2019,2733969,558587,4894.43721389864,8.49585457673048,22500,10.0212705881925,55.7,4.01998014693324,4961.1,0.00888151711371729,-4.72378289043126,17,0,10106.307893906,1
"ITF5",2020,1376159,553254,2487.39096328269,7.81898963421581,20600,9.93304635477767,55.5,4.01638302075239,4620.2,0.00835095634193336,-4.78537921470959,17.6,0,10106.307893906,1
"ITF5",2021,1795157,545130,3293.08054959367,8.09957874293164,23900,10.0816337379196,54.8,4.00369019395397,4930.8,0.00904518188322052,-4.70552305163385,17.6,0,10106.307893906,1
"ITF5",2022,2218797,541168,4100.01515241108,8.31874594839559,25900,10.1619982476876,53.8,3.98527346716774,5123.6,0.00946766992874671,-4.65987244970966,17.5,0,10106.307893906,1
"ITF5",2023,2537324,537577,4719.92663376595,8.45954853476514,27700,10.2291876921754,53.4,3.97781074596615,5333.1,0.00992062532437214,-4.61313932294102,19.7,0,10106.307893906,1
"ITF6",2017,8973630,1935097,4637.30241946528,8.44188810104102,17400,9.76422548520262,129.2,4.8613615913485,12917.2,0.00667522093207731,-5.00935297680502,15.1,1,15104.0193528633,1
"ITF6",2018,9277810,1924257,4821.50253318554,8.48084088734396,17400,9.76422548520262,128.6,4.85670681180352,12962.4,0.00673631432807572,-5.00024233922411,15.2,1,15104.0193528633,1
"ITF6",2019,9509423,1912021,4973.49296895798,8.51187768289045,17700,9.78131991856192,126.5,4.84024230816757,13083.4,0.00684270727152055,-4.9845718257259,15.9,1,15104.0193528633,1
"ITF6",2020,4518226,1894110,2385.40845040679,7.77712564669165,16700,9.72316399840485,125.4,4.83150862819882,12321.8,0.00650532440037801,-5.03513429887171,15.8,1,15104.0193528633,1
"ITF6",2021,5977361,1860601,3212.5968974541,8.07483489138022,18400,9.82010594359708,123.7,4.81785927939844,13111.5,0.00704691656083169,-4.95516512508883,16.2,1,15104.0193528633,1
"ITF6",2022,7254907,1855454,3910.0441185823,8.27130393644064,19800,9.89343721668263,121.9,4.80320103648723,13787.6,0.00743084980818711,-4.90211505153211,16.6,1,15104.0193528633,1
"ITF6",2023,8100594,1846610,4386.73786018705,8.38634114560542,21200,9.9617564606601,121.4,4.7990908786254,14340.8,0.00776601448058875,-4.85799818306086,19,1,15104.0193528633,1
"ITG1",2017,14704926,4977900,2954.04206593142,7.99092970331878,17700,9.78131991856192,196.2,5.27913454713126,35507,0.00713292753972559,-4.94303353419492,13.6,1,25729.2743122908,5
"ITG1",2018,15135259,4942188,3062.46120139501,8.02697418584049,17900,9.79255599182885,195.1,5.27351224762907,35531.7,0.00718946749901056,-4.93513817132558,14,1,25729.2743122908,5
"ITG1",2019,15114931,4908548,3079.30797457823,8.03246016714398,18200,9.80917687306489,192.1,5.25801606977451,36343,0.00740402253375132,-4.9057318408191,14.2,1,25729.2743122908,5
"ITG1",2020,6622498,4875290,1358.3803219911,7.21404832928542,17200,9.75266466280154,190.3,5.2486017743021,34306.1,0.0070367301227209,-4.95661168791676,14.6,1,25729.2743122908,5
"ITG1",2021,9689251,4833705,2004.51848013067,7.60315915136192,19100,9.85744361403472,188.9,5.24121777450746,36605.6,0.00757299007696994,-4.88316729916823,14.8,1,25729.2743122908,5
"ITG1",2022,14783156,4833329,3058.58674218122,8.02570823930096,21200,9.9617564606601,187.7,5.23484494359246,39028.5,0.00807486930850352,-4.81899859470984,15.2,1,25729.2743122908,5
"ITG1",2023,16448284,4814016,3416.74892646805,8.13644477164805,22300,10.0123419574482,187,5.23110861685459,40752.6,0.00846540601443784,-4.77176730064439,16.8,1,25729.2743122908,5
"ITG2",2017,14222332,1636839,8688.90098537486,9.06980174137491,20700,9.93788897925346,69.3,4.23844490619586,13620.9,0.00832146594747559,-4.7889168440596,16.2,1,24193.5714880182,2
"ITG2",2018,14940111,1631040,9159.86793702178,9.12258704020854,21100,9.95702831946416,69.1,4.23555473077362,14102.6,0.00864638512850696,-4.7506139496035,16,1,24193.5714880182,2
"ITG2",2019,15145885,1622257,9336.30429703802,9.14166576737674,21600,9.98044859367226,68.3,4.22390976657674,14573.4,0.00898341015017966,-4.71237571929139,17.5,1,24193.5714880182,2
"ITG2",2020,6321111,1611621,3922.20689603821,8.27440975805187,20200,9.9134378833893,67.9,4.21803603456465,13747.7,0.00853035546198517,-4.7641242463673,18,1,24193.5714880182,2
"ITG2",2021,10632221,1590044,6686.74640450201,8.80788269767732,22500,10.0212705881925,67.3,4.20916023665068,14814,0.00931672331080146,-4.67594428819627,17.4,1,24193.5714880182,2
"ITG2",2022,14700911,1587413,9260.92390575105,9.13355909650235,24600,10.1105017219205,66.2,4.19268046294296,15684.2,0.00988035249805816,-4.61720708991769,17.9,1,24193.5714880182,2
"ITG2",2023,14200536,1578146,8998.23970659242,9.1047842490321,26600,10.1886664947698,65.9,4.18813844150846,16390.8,0.0103861112976873,-4.56728581749117,18.6,1,24193.5714880182,2
"ITH1",2017,32400662,523454,61897.8210119705,11.0332402563079,46300,10.7428972400743,71.4,4.26829786934554,9450.5,0.0180541174582676,-4.01438150618585,16.8,0,7420.90125257849,1
"ITH1",2018,33260000,526772,63139.2708800012,11.0530982143735,48000,10.77895628989,71.8,4.27388447605418,9905.4,0.018803960726842,-3.97368775437583,17.7,0,7420.90125257849,1
"ITH1",2019,33643455,530313,63440.7510281664,11.0578616946398,49100,10.8016143137826,72.2,4.27944004589878,10259.3,0.019345744871425,-3.94528278697415,17.1,0,7420.90125257849,1
"ITH1",2020,21703816,532644,40747.3209122791,10.6151453720238,45600,10.7276629955025,72.1,4.2780540442909,9734.8,0.0182763722110828,-4.00214618937541,17.7,0,7420.90125257849,1
"ITH1",2021,23750886,534912,44401.4828607322,10.7010281456269,49800,10.8157702630127,72.4,4.28220629939167,10541.9,0.0197077276262264,-3.92674445486343,17.6,0,7420.90125257849,1
"ITH1",2022,34367756,532616,64526.3304144074,11.0748286429625,55900,10.9313196591432,72.4,4.28220629939167,11311.8,0.0212381903660423,-3.85195428557694,18.1,0,7420.90125257849,1
"ITH1",2023,36085187,534147,67556.6594963559,11.1207219247075,61500,11.0267924537946,72.7,4.28634138453947,12271.6,0.0229741999861461,-3.77338343240667,18.9,0,7420.90125257849,1
"ITH2",2017,17776030,540280,32901.5140297623,10.4012739548363,36300,10.4995730202529,87.6,4.47278099794235,7264.3,0.0134454357000074,-4.3091155836869,20.8,0,6256.17199161968,1
"ITH2",2018,18156000,541966,33500.2564736533,10.4193083737138,37600,10.534759329378,87.8,4.47506150064107,7544.2,0.0139200614060661,-4.27442421273027,21.2,0,6256.17199161968,1
"ITH2",2019,18431051,543721,33897.9936401206,10.4311111069599,38500,10.5584135202759,88.2,4.47960696301275,7821.1,0.0143843993518735,-4.24161103802082,21.3,0,6256.17199161968,1
"ITH2",2020,11701138,545425,21453.2483842875,9.97363135271723,36300,10.4995730202529,88.5,4.48300255201388,7388.7,0.0135466837787047,-4.30161350118904,22.1,0,6256.17199161968,1
"ITH2",2021,11946879,542166,22035.4633082857,10.0004084030721,39400,10.581521095286,88.3,4.48074010760991,7921.4,0.0146106543014501,-4.22600426972882,21.8,0,6256.17199161968,1
"ITH2",2022,17768639,540958,32846.6147094599,10.399603965618,43800,10.6873890963645,88,4.47733681447821,8513.3,0.0157374509666185,-4.15171199531988,21.4,0,6256.17199161968,1
"ITH2",2023,19141944,542996,35252.458581647,10.4702905528053,46800,10.7536384819057,88.4,4.4818719696436,8950.1,0.016482810186447,-4.1054372480156,23.5,0,6256.17199161968,1
"ITH3",2017,69184094,4883373,14167.2761838999,9.55869009006474,33000,10.4042628404486,282.8,5.64473993402242,62859.4,0.0128721275233327,-4.35269096230782,17.9,0,18168.115682867,6
"ITH3",2018,69229094,4880936,14183.5692990033,9.55983948202251,33700,10.4252531163405,282.8,5.64473993402242,65004.6,0.0133180603064658,-4.3186342471116,18.9,0,18168.115682867,6
"ITH3",2019,71236630,4884590,14583.9527984949,9.58767707982658,34300,10.442900633154,282,5.64190707093811,67080.9,0.01373316900702,-4.2879412768746,19.4,0,18168.115682867,6
"ITH3",2020,32491951,4879133,6659.36981016914,8.80378013595966,31500,10.3577428248137,281.4,5.63977714468029,62329.4,0.012774687634053,-4.36028959453745,20,0,18168.115682867,6
"ITH3",2021,50637854,4869830,10398.2796114033,9.24939564946528,35000,10.4631033404715,281,5.63835466933375,68434.5,0.0140527492746153,-4.26493722443624,19.7,0,18168.115682867,6
"ITH3",2022,65920522,4847745,13598.1826601853,9.51769143486758,37900,10.5427063910705,279.5,5.63300229259515,72789.6,0.0150151462174681,-4.19869583950114,19.7,0,18168.115682867,6
"ITH3",2023,71896863,4849553,14825.4618518449,9.60410137696211,40700,10.6139833714307,279.6,5.63336001035966,75958.6,0.015663010590873,-4.15645335971442,20.5,0,18168.115682867,6
"ITH4",2017,8729955,1212809,7198.12847694897,8.88157633745842,30600,10.3287552879405,160.7,5.07953927274347,15672.5,0.0129224799618077,-4.34878685153891,19.9,0,7745.80212807845,1
"ITH4",2018,9022550,1211155,7449.54196613976,8.9159078284285,31500,10.3577428248137,160.5,5.07829394257007,16128.5,0.0133166275167093,-4.31874183536399,21.1,0,7745.80212807845,1
"ITH4",2019,9052850,1210414,7479.135238026,8.91987245439561,32300,10.3828225092107,159.9,5.07454861983991,16724,0.0138167602159261,-4.28187291533726,20.7,0,7745.80212807845,1
"ITH4",2020,4744256,1206216,3933.17283140001,8.27720171537681,30300,10.3189029914975,159.6,5.07267068501571,15782.5,0.0130843066250158,-4.33634173446781,21.3,0,7745.80212807845,1
"ITH4",2021,7275716,1201510,6055.47685828666,8.7087184073514,33800,10.4282160814711,159,5.06890420222023,17289.8,0.0143900591755374,-4.24121764582325,21.2,0,7745.80212807845,1
"ITH4",2022,9350522,1194647,7827.01668358938,8.96533670534586,35800,10.4857031723888,157.8,5.06132840841177,17892.4,0.0149771438759734,-4.20122998155655,21.3,0,7745.80212807845,1
"ITH4",2023,9946875,1194248,8328.9861067383,9.02749701187516,37700,10.5374153734361,157.8,5.06132840841177,18712.6,0.0156689397847013,-4.1560748838246,22,0,7745.80212807845,1
"ITH5",2017,40095054,4439768,9030.88945188127,9.10840614121488,35600,10.4801009168401,201.5,5.30578938138674,62115.2,0.0139906409524101,-4.26936667631419,21.2,0,22490.5810874502,4
"ITH5",2018,40647799,4445920,9142.7193921618,9.12071314669069,36300,10.4995730202529,201.7,5.30678144496017,64051.8,0.014406871918523,-4.24004996966769,22.1,0,22490.5810874502,4
"ITH5",2019,40360042,4459453,9050.44677004108,9.11056940233084,36500,10.5050675395706,201.9,5.30777252531879,65331.7,0.0146501600084136,-4.22330402150269,22.9,0,22490.5810874502,4
"ITH5",2020,22229208,4464119,4979.52854751408,8.51309049636341,34200,10.4399809230507,201.9,5.30777252531879,62057.7,0.0139014439355223,-4.27576256398727,23.4,0,22490.5810874502,4
"ITH5",2021,30814989,4438937,6941.97484668064,8.84534157306176,38100,10.5479695611148,201.5,5.30578938138674,67625.2,0.0152345482713542,-4.18418951769924,23.3,0,22490.5810874502,4
"ITH5",2022,38149571,4425366,8620.65894662724,9.06191680466032,40700,10.6139833714307,200.6,5.30131287552784,71224.2,0.0160945331979321,-4.12927561757634,22.8,0,22490.5810874502,4
"ITH5",2023,39176137,4437578,8828.27006083048,9.0857143583032,43700,10.6851033810837,200.7,5.30181125580229,74553.2,0.0168004258178673,-4.08635104659251,23.7,0,22490.5810874502,4
"ITI1",2017,45935063,3721391,12343.5196677801,9.42088648108403,30900,10.3385114628858,164,5.0998664278242,43134.1,0.0115908540650526,-4.4575389345221,20.7,0,23133.5545506513,8
"ITI1",2018,47618085,3712048,12827.9820196291,9.45938415916169,31700,10.3640719598654,163.7,5.09803548437709,44755.5,0.0120568214635156,-4.41812468266038,21.4,0,23133.5545506513,8
"ITI1",2019,48077301,3701343,12989.1504245891,9.47186970526171,33000,10.4042628404486,162.7,5.09190801422499,45779.4,0.0123683214444054,-4.3926167974679,21,0,23133.5545506513,8
"ITI1",2020,21972603,3692555,5950.51475198067,8.69123300773558,29300,10.2853427950052,162.1,5.08821342874163,42227.3,0.0114357944566838,-4.47100697804108,20.8,0,23133.5545506513,8
"ITI1",2021,31323954,3692865,8482.29057926569,9.04573580779078,32500,10.3889953683178,161.9,5.08697886068359,46293.6,0.0125359578538614,-4.37915413594257,20.8,0,23133.5545506513,8
"ITI1",2022,42793402,3663191,11682.0012934079,9.36580458531826,35600,10.4801009168401,160.6,5.07891680151266,49583.1,0.0135354940542276,-4.30243985460735,21.5,0,23133.5545506513,8
"ITI1",2023,46019310,3661981,12566.780111639,9.43881211217863,38100,10.5479695611148,160.6,5.07891680151266,51756.3,0.0141334157659474,-4.25921337293306,22.4,0,23133.5545506513,8
"ITI2",2017,5483138,880992,6223.82269078493,8.73613957746801,25100,10.1306231251199,106.8,4.67095792652609,8672.1,0.00984356271112564,-4.62093756930859,21.2,0,8338.98401791336,1
"ITI2",2018,5937298,876477,6774.0488341394,8.82085424240685,25900,10.1619982476876,106.3,4.6662652853479,8979.5,0.010244992167507,-4.58096626181016,20.7,0,8338.98401791336,1
"ITI2",2019,5889224,873744,6740.21681407827,8.81584737164984,26200,10.1735146897492,105.5,4.65871095291612,9179.7,0.0105061665659507,-4.55579290221181,22.3,0,8338.98401791336,1
"ITI2",2020,3017352,870165,3467.56304838737,8.15120733468767,24200,10.0941079121448,105,4.65396035015752,8636.2,0.00992478437997391,-4.61272017758453,23,0,8338.98401791336,1
"ITI2",2021,4448061,865452,5139.58139792848,8.54472691504105,26700,10.1924188443883,104.5,4.64918707140487,9343.8,0.0107964393172585,-4.52853889205903,22.5,0,8338.98401791336,1
"ITI2",2022,5959984,858812,6939.80056170617,8.8450283155816,28800,10.268130666124,103.3,4.63763737612559,9830.4,0.011446509829858,-4.47007041380146,22.5,0,8338.98401791336,1
"ITI2",2023,6428948,856407,7506.88399324153,8.92357574430874,31400,10.3545631718963,102.9,4.63375764284,10415.1,0.0121613905537904,-4.40948905422962,23.8,0,8338.98401791336,1
"ITI3",2017,11131617,1532460,7263.88747504013,8.89067042939024,27000,10.2035921449865,163.6,5.09742442416865,16172.7,0.0105534239066599,-4.55130493079644,20.7,0,9305.81506044534,2
"ITI3",2018,9656538,1526331,6326.63426216201,8.75252366159049,27500,10.2219412836547,162.9,5.093136515608,16691.1,0.0109354392985532,-4.51574645203865,20.5,0,9305.81506044534,2
"ITI3",2019,10370800,1520321,6821.45415343207,8.82782794708788,28100,10.2435248553218,161.9,5.08697886068359,17187.1,0.0113049152119848,-4.4825176733259,21.5,0,9305.81506044534,2
"ITI3",2020,7670124,1512672,5070.57974233674,8.53121043764897,26100,10.1696905933108,161.6,5.085124146087,15989.8,0.0105705665206998,-4.54968188349749,21.5,0,9305.81506044534,2
"ITI3",2021,9623489,1498236,6423.2130318588,8.76767374374169,28900,10.2715968741005,160.4,5.07767069543241,17505.6,0.011684140549286,-4.44952286531931,21.6,0,9305.81506044534,2
"ITI3",2022,10600496,1487150,7128.06105638301,8.87179453482426,31200,10.3481733737976,158.3,5.06449196688697,18544.4,0.0124697575900212,-4.38444895893213,22.6,0,9305.81506044534,2
"ITI3",2023,10660677,1484298,7182.30234090459,8.87937527093486,33300,10.4133126759685,159.1,5.06953293534374,19218.3,0.0129477369099736,-4.34683426209479,23.2,0,9305.81506044534,2
"ITI4",2017,33808209,5774092,5855.1559275467,8.67507790719671,34700,10.454494965935,347.7,5.85134003901382,79295.4,0.0137329644210726,-4.28795617419883,24.9,0,17341.4485878201,4
"ITI4",2018,36684847,5774606,6352.787878515,8.75664903152525,35200,10.4688013615862,347.2,5.8499009827862,81279.3,0.0140752979510637,-4.26333393636597,25.7,0,17341.4485878201,4
"ITI4",2019,39029255,5773076,6760.56490508699,8.81886173138685,35800,10.4857031723888,343,5.83773044716594,82868.4,0.014354288770839,-4.24370651238095,26.3,0,17341.4485878201,4
"ITI4",2020,9391122,5755700,1631.62117553034,7.39732938574258,33200,10.4103051549046,339.9,5.82865145670207,78677.9,0.0136695623468909,-4.29258364434834,26.5,0,17341.4485878201,4
"ITI4",2021,12938755,5730399,2257.91519927321,7.72219718832378,35800,10.4857031723888,338.7,5.82511475982373,84783.1,0.0147953222803508,-4.21344421030869,26.1,0,17341.4485878201,4
"ITI4",2022,35947152,5714882,6290.0952285629,8.74673148925602,39800,10.5916221912725,337.2,5.8206762261277,89737.4,0.0157024064538865,-4.15394130105603,26.7,0,17341.4485878201,4
"ITI4",2023,45727169,5720536,7993.51127237028,8.98638540059602,42200,10.6501755000241,337.2,5.8206762261277,95177.6,0.0166378814852315,-4.09607316628372,28.4,0,17341.4485878201,4
"CY00",2017,16780913,869878,19291.1109373958,9.86739969560464,23200,10.0519075576544,93.3,4.5358201078533,8840,0.0101623446046457,-4.58906609528089,42.5,1,9241.44017402135,3
"CY00",2018,17164182,878601,19535.8097703053,9.88000445891084,24700,10.1145585226161,94.4,4.54754107315146,9553.2,0.0108731949997781,-4.521454692815,44.1,1,9241.44017402135,3
"CY00",2019,17573684,890194,19741.4091759774,9.89047369726718,26100,10.1696905933108,95.7,4.56121829845891,10582.2,0.0118875211470758,-4.43226607217839,44.6,1,9241.44017402135,3
"CY00",2020,3725254,902429,4128.03001676586,8.32555557863832,24600,10.1105017219205,95.7,4.56121829845891,10572.1,0.011715159862992,-4.44687156110678,45,1,9241.44017402135,3
"CY00",2021,9741618,914476,10652.6775989747,9.27356655728153,27800,10.2327912996787,96.8,4.57264699428253,11408,0.0124749036606756,-4.38403635996551,47,1,9241.44017402135,3
"CY00",2022,14252434,929764,15329.0878115307,9.63750746660757,31600,10.360912399575,100.6,4.61115225766564,12777.4,0.0137426271613011,-4.28725280513047,48,1,9241.44017402135,3
"CY00",2023,15636125,949084,16474.9642813492,9.70959719131671,33900,10.4311702933685,104,4.64439089914137,14437.3,0.0152118252968125,-4.18568217354607,50.7,1,9241.44017402135,3
"LV00",2017,4950929,1950116,2538.78692344455,7.83944165673548,13400,9.503009985939,30.7,3.42426265459315,12468.3,0.00639361966159962,-5.05245471375468,33.9,0,64328.7754589262,2
"LV00",2018,5368739,1934379,2775.43283916957,7.92856199209634,14600,9.58877680769643,30.4,3.41444260841218,13874.5,0.00717258613746324,-4.93748900077505,33.9,0,64328.7754589262,2
"LV00",2019,5509682,1919968,2869.67386956449,7.96195366799871,15400,9.64212278840172,30.2,3.40784192438082,14933.9,0.00777820255337589,-4.85643000175482,35.7,0,64328.7754589262,2
"LV00",2020,2889342,1907675,1514.58817670725,7.32289885043458,15400,9.64212278840172,30.2,3.40784192438082,15015.5,0.00787109963699268,-4.84455750115558,37.8,0,64328.7754589262,2
"LV00",2021,2379777,1893223,1256.99772293068,7.13648139707762,17100,9.74683374249075,30,3.40119738166216,15869.1,0.00838205536273329,-4.78166212454601,39,0,64328.7754589262,2
"LV00",2022,3882922,1875757,2070.05598273124,7.63533093069141,19100,9.85744361403472,29.7,3.39114704580865,17872.2,0.00952799323153266,-4.6535211573059,39.5,0,64328.7754589262,2
"LV00",2023,4370854,1895239,2306.22839652413,7.74336874038415,21000,9.95227771670556,30.2,3.40784192438082,19668.5,0.0103778468045455,-4.56808185970408,39.2,0,64328.7754589262,2
"LT01",2017,2369106,795088,2979.67772120822,7.99957042640555,21600,9.98044859367226,85.5,4.44851637594271,7691.68,0.00967399834986819,-4.63831357515525,53.3,0,9472.0448080058,2
"LT01",2018,2619284,795134,3294.14161638164,8.09990090203617,24000,10.0858091093301,85.8,4.45201900649392,8481.88,0.0106672334474441,-4.54057853056429,54.7,0,9472.0448080058,2
"LT01",2019,2931760,798101,3673.41978020326,8.20887832739253,26100,10.1696905933108,86.6,4.46129981556839,9841.86,0.0123315971286842,-4.39559043826545,55.9,0,9472.0448080058,2
"LT01",2020,1076006,804348,1337.73689994878,7.19873458454304,26500,10.1849000119743,86.6,4.46129981556839,10424.33,0.0129599750356811,-4.34588951431904,58.6,0,9472.0448080058,2
"LT01",2021,1406777,810797,1735.05452042866,7.45879411576543,30100,10.312280450737,87.6,4.47278099794235,11908.57,0.0146874865101869,-4.22075940553354,60.6,0,9472.0448080058,2
"LT01",2022,2430686,817950,2971.6804205636,7.99688286996287,35300,10.4716382429214,88.4,4.4818719696436,14016.1,0.0171356439880188,-4.0665945411684,62.1,0,9472.0448080058,2
"LT01",2023,2543338,848724,2996.66086972915,8.00525390433378,39400,10.581521095286,91.1,4.51195780426591,16311.31,0.0192186270212696,-3.95187531288911,62,0,9472.0448080058,2
"LT02",2017,4995818,2063989,2420.46735714192,7.79171592329085,12300,9.41735454136051,38,3.63758615972639,10868.57,0.00526580810265946,-5.24652065938866,34.7,0,54816.3549997453,1
"LT02",2018,5472363,2031066,2694.33046488888,7.89890501644394,13300,9.49551931420985,37.5,3.62434093297637,11900.37,0.00585917444337112,-5.13974656528853,36,0,54816.3549997453,1
"LT02",2019,6014998,2014099,2986.44604858053,8.00183934690975,14100,9.55393007636626,37.2,3.6163087612791,12802.76,0.0063565693642666,-5.05826645529719,37.6,0,54816.3549997453,1
"LT02",2020,3855751,2005629,1922.46472303701,7.56136335168583,14400,9.57498348556409,37.2,3.6163087612791,13401.39,0.00668188882390512,-5.00835457333248,37.8,0,54816.3549997453,1
"LT02",2021,4135771,1999964,2067.92272260901,7.63429986675265,16100,9.68657455097255,37,3.61091791264422,15060.31,0.00753029054522981,-4.88882165289084,38.5,0,54816.3549997453,1
"LT02",2022,5642444,1988048,2838.18298149743,7.95091933115155,18900,9.84691720104773,37.5,3.62434093297637,17395.26,0.00874991951904582,-4.73871077647825,39.7,0,54816.3549997453,1
"LT02",2023,5930490,2008555,2952.61518853106,7.99044656120755,20100,9.90847509404717,37.8,3.63230910262554,19539.02,0.0097278989124022,-4.63275734521834,39.4,0,54816.3549997453,1
"LU00",2017,3233979,590667,5475.13065737548,8.60797141876077,97400,11.4865814896306,230.6,5.44068460783496,27765.5,0.0470070276484043,-3.05745816401561,39.9,0,2618.73206738495,1
"LU00",2018,3173857,602005,5272.14391907044,8.5701923745712,98900,11.5018645176108,235.1,5.46001095554602,29699.4,0.0493341417430088,-3.00913890733778,44.1,0,2618.73206738495,1
"LU00",2019,3164756,613894,5155.21572128087,8.5477642425747,100400,11.5169174862398,239.8,5.47980524259341,31348.1,0.0510643531293676,-2.97466861562523,47,0,2618.73206738495,1
"LU00",2020,1693382,626108,2704.6164559469,7.90271539044983,102200,11.5346869567517,239.8,5.47980524259341,32229.8,0.0514764225980182,-2.96663138977182,47.1,0,2618.73206738495,1
"LU00",2021,2223776,634730,3503.49912561246,8.16151749823512,113900,11.6430761494353,243.8,5.49634821704717,34935.5,0.055039938241457,-2.89969620742423,50.5,0,2618.73206738495,1
"LU00",2022,3296351,645397,5107.47803290068,8.53846102573308,117100,11.6707835495858,252.6,5.53180720991639,37725.9,0.0584537889082224,-2.83951877009873,52.3,0,2618.73206738495,1
"LU00",2023,3485954,660809,5275.28226764466,8.5707874673666,123000,11.7199396343546,257.7,5.55179611765832,41339.9,0.0625595293042316,-2.77163670668273,51.9,0,2618.73206738495,1
"HU11",2017,10144476,1728929,5867.49137761007,8.67718245820728,26800,10.1961571664989,3433.8,8.14142279864311,20633.93,0.0119345155295562,-4.42832061242779,41.7,0,521.461119421317,1
"HU11",2018,10405424,1723033,6039.0160838475,8.70599637763396,28800,10.268130666124,3433.4,8.14130630283683,21540.33,0.0125014030491581,-4.38191439704011,46.5,0,521.461119421317,1
"HU11",2019,10766722,1722363,6251.13405246165,8.74051817466454,32300,10.3828225092107,3433.8,8.14142279864311,23800.64,0.0138185968927572,-4.28173999309373,47.5,0,521.461119421317,1
"HU11",2020,2435180,1717144,1418.15712601855,7.25711350914692,30300,10.3189029914975,3433.8,8.14142279864311,22557.66,0.0131367316893633,-4.33234302674511,49.8,0,521.461119421317,1
"HU11",2021,3468282,1690503,2051.62723757367,7.62638853168633,34100,10.4370526632716,3405.9,8.1332645008386,24273.54,0.014358767775035,-4.24339452858186,55.6,0,521.461119421317,1
"HU11",2022,8722977,1672443,5215.70959369019,8.55943042600019,37200,10.5240640402612,3277.9,8.0949582524321,26509.8,0.0158509437989815,-4.14452623475456,55.8,0,521.461119421317,1
"HU11",2023,9980022,1671004,5972.47044291935,8.69491593032532,44700,10.7077287806017,3291.4,8.09906828516128,31409.76,0.0187969388463463,-3.97406124972605,56.2,0,521.461119421317,1
"HU12",2017,1255350,1240780,1011.7426135173,6.91942948302985,10300,9.23989917421773,199.7,5.29681624042177,5245.86,0.0042278727896968,-5.46605629901032,26.9,0,6360.02155539084,0
"HU12",2018,1423545,1254436,1134.80879056405,7.03421944926004,11000,9.30565055178051,202.3,5.3097517441737,5410.03,0.00431271902273213,-5.44618671003441,26,0,6360.02155539084,0
"HU12",2019,1421740,1270416,1119.11373912167,7.02029234668694,12000,9.39266192877014,205.1,5.32349766507834,5906.62,0.00464935895013917,-5.37102592907159,27.1,0,6360.02155539084,0
"HU12",2020,627495,1287734,487.286194198491,6.18885161823222,11500,9.35010231435134,205.1,5.32349766507834,5597.74,0.00434696917220482,-5.43827641874095,30,0,6360.02155539084,0
"HU12",2021,833748,1300389,641.152762750223,6.46326774795023,13200,9.48797210857446,207.5,5.33513133967075,6087.79,0.00468151453142098,-5.36413360358054,33,0,6360.02155539084,0
"HU12",2022,1368498,1315964,1039.92054493892,6.94689959011967,15100,9.62245002280302,210.5,5.34948565312244,6845.4,0.00520181403138688,-5.25874786203975,32.3,0,6360.02155539084,0
"HU12",2023,1412254,1328790,1062.81203199904,6.96867353485943,17600,9.77565418102624,211.9,5.35611446527425,8333.59,0.00627156285041278,-5.07172969695799,33.3,0,6360.02155539084,0
"HU21",2017,3653564,1057816,3453.87477595347,8.14725200325886,12200,9.40919123072135,98.8,4.59309760475382,5412.68,0.00511684451738299,-5.27521733512347,20.1,0,11143.6984618338,0
"HU21",2018,3965763,1057449,3750.3113625338,8.22959414552667,13000,9.47270463644367,98.9,4.59410923862867,5850.68,0.00553282475088633,-5.19705678900238,19.7,0,11143.6984618338,0
"HU21",2019,4085113,1060306,3852.76797452811,8.25654712338079,13800,9.5324238711453,99.1,4.59612944133594,6344.08,0.00598325389085792,-5.11879073009804,21.2,0,11143.6984618338,0
"HU21",2020,2279310,1062982,2144.26020384165,7.67054987855882,12800,9.45720044990771,99.1,4.59612944133594,5782.24,0.00543964055835376,-5.21404229412929,22.2,0,11143.6984618338,0
"HU21",2021,2650795,1061979,2496.08984735103,7.82248072537633,14300,9.568014816248,99.2,4.59713801429083,6346.27,0.00597589029538249,-5.12002218885317,23.2,0,11143.6984618338,0
"HU21",2022,3832131,1058909,3618.94270423615,8.19393719150588,15500,9.64859530290734,99.1,4.59612944133594,6821.58,0.00644208331405248,-5.04490329520853,22.6,0,11143.6984618338,0
"HU21",2023,4068515,1059399,3840.39913196067,8.25333158079508,18000,9.7981270368783,99,4.59511985013459,7959.37,0.00751309940824939,-4.89110719418399,23,0,11143.6984618338,0
"HU22",2017,5819675,970910,5994.04167224563,8.69852120017904,13700,9.52515111181622,88,4.47733681447821,5193.98,0.00534959985992522,-5.23073351340866,20.8,0,11259.7573231045,1
"HU22",2018,5957135,971397,6132.5441606264,8.72136497718726,14400,9.57498348556409,88.2,4.47960696301275,5488.46,0.00565006892135759,-5.17608753542782,20.3,0,11259.7573231045,1
"HU22",2019,5916152,973587,6076.65468006454,8.71220960644059,14900,9.60911649193355,88.6,4.48413185761104,5804.95,0.00596243581724078,-5.12227618722968,22.1,0,11259.7573231045,1
"HU22",2020,2932768,977086,3001.5454115605,8.00688257219947,13700,9.52515111181622,88.6,4.48413185761104,5297.8,0.00542204063920678,-5.21728303269089,25,0,11259.7573231045,1
"HU22",2021,3365820,979459,3436.40724114026,8.14218179794951,14700,9.59560277276683,89,4.48863636973214,5737.89,0.0058582237745531,-5.1399088314849,25.3,0,11259.7573231045,1
"HU22",2022,5471517,979744,5584.6394568377,8.62777515379509,16000,9.68034400122192,87.7,4.47392189937814,6176.39,0.00630408555704347,-5.06655735465262,22.8,0,11259.7573231045,1
"HU22",2023,5242339,982924,5333.41234927624,8.58174652793335,18200,9.80917687306489,87.8,4.47506150064107,7391.82,0.00752023554211719,-4.89015781942086,22.9,0,11259.7573231045,1
"HU23",2017,3180016,893263,3559.99968654249,8.17751573579621,8900,9.09380655572023,64.7,4.16976120150686,3516.27,0.00393643305499052,-5.53748028171057,18.4,0,14011.700915617,1
"HU23",2018,3228481,885800,3644.70648001806,8.20103111445629,9600,9.16951837745593,64.2,4.16200321069592,3676.04,0.00414996613230978,-5.48465510566204,18,0,14011.700915617,1
"HU23",2019,3211046,878402,3655.55406294612,8.20400295110455,10200,9.23014299927236,63.7,4.15418456257812,3824.9,0.00435438443901539,-5.43657202447381,18.3,0,14011.700915617,1
"HU23",2020,1966457,873097,2252.2778110565,7.71969734357675,9700,9.17988116449147,63.7,4.15418456257812,3617.77,0.00414360603690083,-5.48618884685967,18.4,0,14011.700915617,1
"HU23",2021,2183698,869726,2510.78845521463,7.82835210838224,10900,9.29651806821724,63.4,4.14946386144318,3871.94,0.00445190784223997,-5.41442254608858,20.4,0,14011.700915617,1
"HU23",2022,2958943,863057,3428.44447122264,8.13986193036244,12100,9.40096073158483,62.5,4.13516655674236,4229.33,0.0049004063462784,-5.31843714949196,22,0,14011.700915617,1
"HU23",2023,2725459,858675,3174.02859056104,8.06275690878398,13500,9.51044496442652,62.2,4.13035499974513,4955.36,0.00577093778204792,-5.15492068445024,22.3,0,14011.700915617,1
"HU31",2017,2903993,1142892,2540.9163770505,7.84028007331406,9000,9.10497985631836,85.7,4.45085282560373,4410.23,0.00385883355557655,-5.55739032884776,17.5,0,13248.4135174501,3
"HU31",2018,2966088,1133848,2615.94852220051,7.86938203432556,9600,9.16951837745593,85,4.44265125649032,4674.24,0.00412245733114139,-5.49130585382268,17.5,0,13248.4135174501,3
"HU31",2019,2973866,1125185,2643.0018174789,7.8796706022616,9900,9.20029003612268,84.4,4.43556740160191,4882.33,0.00433913534218817,-5.4400801806293,17.1,0,13248.4135174501,3
"HU31",2020,1732568,1117255,1550.73640305928,7.34648519583754,9600,9.16951837745593,84.4,4.43556740160191,4611.25,0.00412730307763223,-5.49013109314891,16.9,0,13248.4135174501,3
"HU31",2021,1847266,1111193,1662.41687987595,7.41602777421302,11000,9.30565055178051,83.9,4.42962561347316,4955.92,0.00445999929805173,-5.41260667033768,18.8,0,13248.4135174501,3
"HU31",2022,2619973,1101369,2378.83307047865,7.7743653399044,11300,9.33255800470043,82.6,4.41400968052693,5318.56,0.00482904457997274,-5.33310664041399,20,0,13248.4135174501,3
"HU31",2023,2642119,1093790,2415.56331654157,7.78968779625351,13000,9.47270463644367,81.9,4.40549899085902,6296.46,0.00575655290320811,-5.15741643772374,20.4,0,13248.4135174501,3
"HU32",2017,2535453,1459130,1737.64709107482,7.46028723058948,8400,9.0359869848314,84.1,4.4320065669789,5340.78,0.00366024960078951,-5.61022393695714,17.4,0,17664.1458786149,1
"HU32",2018,2686001,1450191,1852.17050719526,7.52411347748838,9100,9.11602969250494,83.6,4.42604352009066,5603.38,0.00386389103228471,-5.55608056378399,18.5,0,17664.1458786149,1
"HU32",2019,2690677,1439991,1868.53737280302,7.53291125022566,9800,9.19013766465866,83.1,4.4200447018614,5858.24,0.00406824764877003,-5.50454292537,19.4,0,17664.1458786149,1
"HU32",2020,1444271,1430692,1009.49121124603,6.91720173166846,9400,9.1484649682581,83.1,4.4200447018614,5594.52,0.00391035946241399,-5.54412597508932,19.3,0,17664.1458786149,1
"HU32",2021,1615150,1423489,1134.64171482885,7.034072210327,10500,9.25913053614561,82.6,4.41400968052693,6049.94,0.00425007850429473,-5.46081782461765,20.1,0,17664.1458786149,1
"HU32",2022,2462340,1412540,1743.20019256092,7.46347789409445,11400,9.34136863438259,80.9,4.39321382406445,6553.3,0.00463937304430317,-5.37317604163572,20.8,0,17664.1458786149,1
"HU32",2023,2356600,1405012,1677.2810481334,7.42492933760474,13400,9.503009985939,80.5,4.38825718442452,7833.69,0.00557553245096839,-5.18936745929629,21.6,0,17664.1458786149,1
"HU33",2017,2116192,1246137,1698.20172260353,7.43732515993498,9300,9.13776967914135,68.9,4.23265617801961,4962.34,0.00398217852451215,-5.52592624146912,19.6,0,18505.5562600044,0
"HU33",2018,2197683,1237501,1775.9040194715,7.48206487900136,10300,9.23989917421773,68.5,4.22683374526818,5267.41,0.00425648948970546,-5.45931052187721,20.8,0,18505.5562600044,0
"HU33",2019,2135010,1230022,1735.7494418799,7.45919455408927,10900,9.29651806821724,68.1,4.22097721315547,5611.81,0.00456236555118526,-5.38991402874109,21.5,0,18505.5562600044,0
"HU33",2020,1180633,1223386,965.053548103379,6.87218359006203,10600,9.26860928010016,68.1,4.22097721315547,5289.47,0.00432363129870703,-5.44365965140989,21.6,0,18505.5562600044,0
"HU33",2021,1406012,1214723,1157.47540797367,7.05399653992361,11700,9.36734412078585,67.7,4.21508617991823,5671.38,0.00466886689393384,-5.36683887187394,22.1,0,18505.5562600044,0
"HU33",2022,2009661,1206377,1665.86481671981,7.41809967700948,12700,9.44935727244668,66.4,4.19569705648239,6159.69,0.00510594117759208,-5.27735048048144,22.8,0,18505.5562600044,0
"HU33",2023,2061000,1200150,1717.28533933258,7.44850003190835,14600,9.58877680769643,66,4.18965474202643,7242.68,0.00603481231512728,-5.1102105243152,22.2,0,18505.5562600044,0
"MT00",2017,9580329,459375,20855.1379591837,9.94535562177022,26800,10.1961571664989,1495.2,7.31001525614135,4951,0.0107776870748299,-4.53027729358782,23.9,1,275.48830504432,1
"MT00",2018,10114196,474837,21300.3535950231,9.96647895226504,28200,10.2470772569262,1548.3,7.34491283382279,5646.4,0.011891238467095,-4.43195341330889,26.9,1,275.48830504432,1
"MT00",2019,9911282,492968,20105.3252949482,9.90873999900392,28900,10.2715968741005,1595.1,7.3746917091784,6179.4,0.0125350935557683,-4.37922308383624,29.7,1,275.48830504432,1
"MT00",2020,2945184,514855,5720.41448563188,8.65179654427162,27800,10.2327912996787,1610.4,7.38423787432558,6457.7,0.0125427547561935,-4.37861209037555,30.8,1,275.48830504432,1
"MT00",2021,4612959,516125,8937.6778881085,9.09803109036878,32100,10.3766113091181,1646.4,7.40634636507979,6983.9,0.013531411964156,-4.30274148421362,32.1,1,275.48830504432,1
"MT00",2022,8210424,520174,15783.9953554003,9.66675175344242,33800,10.4282160814711,1696.8,7.43649940325047,7799.6,0.0149942134747219,-4.20009092065955,31.8,1,275.48830504432,1
"MT00",2023,9892292,542051,18249.744027776,9.81190633303699,37700,10.5374153734361,1766,7.4764723811639,8558.4,0.0157889202307532,-4.14844683615901,33.2,1,275.48830504432,1
"NL11",2017,1506206,583581,2580.97162176287,7.8559212046031,43200,10.6735957742322,247.1,5.50979311299456,10504,0.0179992151903506,-4.01742712257258,36,0,2391.51280781179,0
"NL11",2018,1826254,582944,3132.81207114234,8.04968630547686,44100,10.6942150614349,247.2,5.51019772558354,10885,0.0186724625349948,-3.98070543216191,36.2,0,2391.51280781179,0
"NL11",2019,1739507,583990,2978.65888114523,7.99922843831696,44600,10.7054891380082,247.9,5.51302543904114,11412,0.019541430503947,-3.9352184260427,37.9,0,2391.51280781179,0
"NL11",2020,1568617,585866,2677.4330648988,7.89261380290533,41400,10.6310361598134,247.9,5.51302543904114,11910,0.0203288806655447,-3.8957127111191,40.6,0,2391.51280781179,0
"NL11",2021,1540495,586937,2624.63433043069,7.87269686262913,46600,10.7493558201137,248.5,5.51544284553668,12392,0.0211129984989871,-3.85786638557044,41.9,0,2391.51280781179,0
"NL11",2022,1935144,590170,3278.9602995747,8.09528166929185,58500,10.9767820332199,251.3,5.52664744454955,13170,0.0223156039785147,-3.80246911523471,42.4,0,2391.51280781179,0
"NL11",2023,1808561,596075,3034.11651218387,8.01767556134116,53900,10.8948857568971,259.9,5.56029694164744,14058,0.0235842805016147,-3.74717486932076,43.9,0,2391.51280781179,0
"NL12",2017,5662640,646874,8753.85314605317,9.07724924197078,31100,10.3449630981673,190.5,5.24965219456676,9593,0.0148297813793722,-4.21111786472301,29,0,3882.36461543353,2
"NL12",2018,6007292,647268,9280.99643424362,9.13572419439573,32400,10.3859137017804,190.6,5.2501769912201,10100,0.0156040465464074,-4.16022500436298,31.8,0,3882.36461543353,2
"NL12",2019,6148636,647672,9493.44112451982,9.15835643120203,34200,10.4399809230507,191,5.25227342804663,10708,0.0165330599439222,-4.10239326970595,33.3,0,3882.36461543353,2
"NL12",2020,5607126,649957,8626.91839614005,9.06264263990817,34300,10.442900633154,191,5.25227342804663,11222,0.0172657575808861,-4.05903006952649,34.3,0,3882.36461543353,2
"NL12",2021,6136749,651435,9420.35506228557,9.15062805924707,37300,10.5267486056319,191.6,5.25540986553676,11622,0.0178406134149992,-4.02627776817256,33.5,0,3882.36461543353,2
"NL12",2022,6898074,654019,10547.2073441291,9.26361639714559,42200,10.6501755000241,193.3,5.26424338621429,12332,0.0188557213169648,-3.97093889299906,34.1,0,3882.36461543353,2
"NL12",2023,6810773,659551,10326.3780966142,9.2424568807497,43200,10.6735957742322,200.1,5.29881724158969,13205,0.0200211962380468,-3.91096375472996,37.4,0,3882.36461543353,2
"NL13",2017,6872039,491792,13973.46642483,9.54491555495918,30400,10.3221978873943,184.2,5.21602212382121,7388,0.0150226111852165,-4.19819880053768,28.6,0,2656.12728180363,0
"NL13",2018,7102575,492100,14433.1944726682,9.57728600444489,32100,10.3766113091181,184.3,5.21656486467578,7791,0.0158321479374111,-4.14571272652321,31.1,0,2656.12728180363,0
"NL13",2019,7268608,492167,14768.5805834199,9.60025726958173,33500,10.4193007178132,184.5,5.21764946348058,8195,0.01665085225137,-4.09529387759719,33.8,0,2656.12728180363,0
"NL13",2020,6015131,493682,12184.221827006,9.40789710082801,32900,10.4012279367535,184.5,5.21764946348058,8522,0.017262124201409,-4.05924053013414,34.6,0,2656.12728180363,0
"NL13",2021,7005581,494771,14159.2393248594,9.55812264580893,35900,10.4884925744764,185,5.22035582507832,8841,0.0178688726703869,-4.02469503683785,35.8,0,2656.12728180363,0
"NL13",2022,7608364,497743,15285.7277751772,9.63467484687657,39100,10.5738777459735,187.2,5.23217756404349,9384,0.01885310290652,-3.97107776820946,36.6,0,2656.12728180363,0
"NL13",2023,7871824,502051,15679.3313826683,9.66009865158377,41600,10.6358554462494,188.4,5.23856736214226,10176,0.020268857147979,-3.89866970155918,35.4,0,2656.12728180363,0
"NL21",2017,6856821,1147687,5974.46951999979,8.69525058959461,37000,10.5186731916264,341.9,5.83451829664526,21127,0.0184083291001815,-3.99495204830254,34.2,0,3391.24014187362,0
"NL21",2018,7058851,1151501,6130.13015186266,8.72097126065636,38700,10.5635948790179,343.2,5.83831336761381,22237,0.0193113162732816,-3.94706401949555,33.4,0,3391.24014187362,0
"NL21",2019,7199914,1156431,6225.97803068233,8.73648582235452,40600,10.6115233455898,344.9,5.8432545199428,23342,0.0201845159806335,-3.90283950412582,34.3,0,3391.24014187362,0
"NL21",2020,5945813,1162406,5115.09145685759,8.53995055835444,40300,10.6041067479348,344.9,5.8432545199428,24147,0.0207732926361357,-3.87408712519739,37.7,0,3391.24014187362,0
"NL21",2021,7538795,1166533,6462.56471098546,8.77378153207185,43700,10.6851033810837,346.4,5.84759417668828,25473,0.0218365018392107,-3.82417231313168,39.9,0,3391.24014187362,0
"NL21",2022,8373829,1171910,7145.45400244046,8.87423162962459,47800,10.7747809184795,350.4,5.85907535906224,27356,0.023343089486394,-3.75745429214359,40.9,0,3391.24014187362,0
"NL21",2023,8915024,1184333,7527.46398183619,8.92631347546715,50300,10.8257603560878,353,5.8664680569333,29186,0.0246434068796529,-3.70324588365503,39.4,0,3391.24014187362,0
"NL22",2017,11646006,2047901,5686.80126627215,8.64590320143018,36600,10.5078035193895,410.8,6.0181064780544,37041,0.0180873001185116,-4.01254523789352,34.3,0,5115.30481085718,1
"NL22",2018,12115896,2060103,5881.20885217875,8.67951760686777,38300,10.5532051751687,413.2,6.02393173724548,38872,0.0188689594646481,-3.97023706343007,35.3,0,5115.30481085718,1
"NL22",2019,13028152,2071972,6287.80311703054,8.74636702271403,40500,10.6090572530946,415.8,6.03020437542391,41044,0.0198091480000695,-3.92161142777459,37.7,0,5115.30481085718,1
"NL22",2020,11351180,2085952,5441.72636762495,8.60185163649596,40100,10.5991316132947,415.8,6.03020437542391,42660,0.0204510937931458,-3.88971891170627,38.1,0,5115.30481085718,1
"NL22",2021,13438649,2096603,6409.72516017577,8.76557167226783,43300,10.6759079139906,418.3,6.03619887844815,44231,0.021096507064046,-3.85864779419205,42.7,0,5115.30481085718,1
"NL22",2022,14270922,2110472,6761.95751471709,8.81906770030179,47100,10.7600282800045,424.4,6.05067640673983,47105,0.02231965171772,-3.80228774563557,42.4,0,5115.30481085718,1
"NL22",2023,14602202,2133708,6843.58028371267,8.8310663069645,49400,10.807705703176,428.3,6.05982388462133,50437,0.0236381922924786,-3.74489155753734,41.8,0,5115.30481085718,1
"NL23",2017,2513585,407818,6163.49695207176,8.72639958247888,32200,10.3797217315325,285.5,5.65424202909607,5885,0.0144304567233423,-4.23841425573797,33,0,2284.20640849877,1
"NL23",2018,2367822,411670,5751.74775912746,8.65725904571461,33900,10.4311702933685,288.6,5.66504164633977,6286,0.0152695119877572,-4.1818971191518,30.2,0,2284.20640849877,1
"NL23",2019,2253986,416546,5411.13346425125,8.59621386269639,36000,10.4912742174382,292.5,5.67846466667191,6657,0.015981428221613,-4.13632796706749,32.4,0,2284.20640849877,1
"NL23",2020,1755072,423021,4148.90040919954,8.33059861647754,35500,10.4772879754635,292.5,5.67846466667191,6857,0.0162095971594791,-4.12215179490183,35,0,2284.20640849877,1
"NL23",2021,2193454,428226,5122.1878167136,8.54133693471539,37800,10.5400643816077,296.6,5.69238442970383,7190,0.0167901995675181,-4.08695992186934,35,0,2284.20640849877,1
"NL23",2022,2812803,434771,6469.61963884436,8.77487259733475,42500,10.6572593549125,306.4,5.72489143786644,7727,0.0177725745277399,-4.03009876673914,35.9,0,2284.20640849877,1
"NL23",2023,3171508,444701,7131.77618219883,8.8723155962975,46300,10.7428972400743,312,5.74300318780948,8408,0.0189070858846731,-3.96821851264647,37.9,0,2284.20640849877,1
"NL32",2017,29965073,2809483,10665.6893812847,9.27478726841178,57300,10.9560559027028,1024.5,6.93195996767895,72757,0.0258969354859951,-3.65363063828118,44.4,0,3461.26309779248,2
"NL32",2018,31565240,2831182,11149.1384163929,9.31911750183024,60100,11.0037651205233,1032.4,6.93964146784446,77183,0.0272617585164076,-3.6022703457552,45.4,0,3461.26309779248,2
"NL32",2019,35064587,2853359,12288.8802285307,9.41645008600313,63400,11.0572191404253,1041.2,6.94812917312041,82116,0.028778713088679,-3.54811929399596,48.5,0,3461.26309779248,2
"NL32",2020,16349803,2879527,5677.94745456459,8.64434508277463,59800,10.9987609399387,1041.2,6.94812917312041,83900,0.0291367297476287,-3.53575571005749,49.9,0,3461.26309779248,2
"NL32",2021,17760437,2888486,6148.70108423582,8.72399613267816,65100,11.0836798281967,1047.6,6.95425711263356,88498,0.0306381959268627,-3.4855078155148,49.1,0,3461.26309779248,2
"NL32",2022,33570178,2909827,11536.8295091083,9.35329976306897,73000,11.1982147201305,1064.7,6.97044834832056,96316,0.0331002496024678,-3.4082144557675,51.6,0,3461.26309779248,2
"NL32",2023,38297234,2952622,12970.5847887064,9.47043936408947,77300,11.2554492345755,1079.2,6.98397530489355,104822,0.0355013272948586,-3.33818519461214,50.7,0,3461.26309779248,2
"NL34",2017,10089457,381568,26442.0942007716,10.1827124966071,34500,10.4487146030195,211.8,5.35564243316731,6173,0.0161779813820865,-4.12410413520379,27.8,0,1939.74822871555,0
"NL34",2018,10493551,382304,27448.1852138612,10.2200553323245,36700,10.5105320340427,212.2,5.35752922617988,6476,0.0169393990123043,-4.07811306781942,29.1,0,1939.74822871555,0
"NL34",2019,11110345,383032,29006.3101777397,10.2752686776347,38200,10.5505907945947,212.6,5.35941246590785,6825,0.0178183546022264,-4.02752619553328,29.7,0,1939.74822871555,0
"NL34",2020,9029147,383488,23544.7967081108,10.0666601284552,37900,10.5427063910705,212.6,5.35941246590785,7086,0.0184777620160214,-3.99118732313131,31.8,0,1939.74822871555,0
"NL34",2021,11108811,385400,28824.1074208614,10.2689673792064,40000,10.5966347330961,213.2,5.36223069229169,7254,0.0188220031136482,-3.97272871511956,29.8,0,1939.74822871555,0
"NL34",2022,12851159,386767,33227.1341660483,10.4111221152597,45900,10.7342203960486,215.7,5.37388855339511,7718,0.0199551668058547,-3.91426718141567,32.1,0,1939.74822871555,0
"NL34",2023,13389292,391124,34232.8570990274,10.440941195731,50100,10.821776287073,217.1,5.38035807688425,8187,0.0209319806506377,-3.86647711486408,29.8,0,1939.74822871555,0
"NL41",2017,10207288,2512531,4062.55206403424,8.30956664231815,44700,10.7077287806017,508,6.23048144757848,53040,0.0211101872971916,-3.85799954472207,34.4,0,4981.81706128052,0
"NL41",2018,10582719,2528286,4185.72859241399,8.33943606392687,46700,10.751499443657,511.3,6.23695650208595,55722,0.0220394369940742,-3.81492183975717,36,0,4981.81706128052,0
"NL41",2019,11444770,2544806,4497.3054920493,8.41123371687375,49000,10.7995755770928,514.8,6.24377847572197,58941,0.0231612940239845,-3.76527275460915,38.1,0,4981.81706128052,0
"NL41",2020,8111823,2562955,3165.0274780478,8.05991701638824,48700,10.7934343090707,514.8,6.24377847572197,60746,0.0237015476276408,-3.74221493222872,41.1,0,4981.81706128052,0
"NL41",2021,10274584,2573949,3991.75896647525,8.29198725646899,53000,10.8780471925343,517.7,6.24939592390786,63509,0.0246737600473047,-3.70201494630093,40,0,4981.81706128052,0
"NL41",2022,13026500,2592874,5023.96182768619,8.52197411012677,56700,10.9455294897158,526,6.26530121273771,68127,0.0262747052112829,-3.63914858164332,43,0,4981.81706128052,0
"NL41",2023,13465860,2626210,5127.48790081524,8.54237113027827,60600,11.0120501720574,533.4,6.27927161174791,73167,0.027860300585254,-3.58055252155537,42.6,0,4981.81706128052,0
"NL42",2017,11565732,1117546,10349.2223138913,9.244666657116,38500,10.5584135202759,518,6.24997524225948,20640,0.0184690384109468,-3.99165954833814,30.9,0,2217.26595190541,0
"NL42",2018,11813095,1117198,10573.8597813458,9.2661401760063,40000,10.5966347330961,517.7,6.24939592390786,21694,0.0194182230902669,-3.94154331926163,32.2,0,2217.26595190541,0
"NL42",2019,12293322,1116137,11014.169407519,9.30693785081173,41400,10.6310361598134,517.7,6.24939592390786,22421,0.0200880357877214,-3.90763087558118,33.6,0,2217.26595190541,0
"NL42",2020,9225863,1117201,8258.0153437027,9.01893956448532,40500,10.6090572530946,517.7,6.24939592390786,23059,0.0206399743645056,-3.88052558039931,34.6,0,2217.26595190541,0
"NL42",2021,11348738,1115872,10170.2865561641,9.22722566525963,44200,10.6964800680658,517.6,6.24920274318669,23732,0.021267672277824,-3.85056709262634,38.4,0,2217.26595190541,0
"NL42",2022,12785506,1118302,11432.9635465196,9.34425600109288,46500,10.7472075915754,520.8,6.25536609089436,25107,0.0224510016077947,-3.79642005074256,37.8,0,2217.26595190541,0
"NL42",2023,13755601,1128367,12190.7154321245,9.40842991083716,49000,10.7995755770928,524.3,6.26206403957849,26730,0.0236891011523733,-3.74274020360077,36.9,0,2217.26595190541,0
"AT11",2017,2781046,291942,9526.02229209912,9.16178252149025,29500,10.2921455423279,79.7,4.37826958579617,4027,0.0137938357618979,-4.2835334705324,28,0,3934.06953116692,1
"AT11",2018,2732386,292675,9335.90501409413,9.14162299976019,30100,10.312280450737,77.5,4.3502779363593,4244,0.0145007260613308,-4.233556557614,28.4,0,3934.06953116692,1
"AT11",2019,2807665,293433,9568.33416827692,9.16621440119475,30800,10.3352699689617,77.8,4.35414143118435,4374,0.0149062988825388,-4.20597141156716,30.7,0,3934.06953116692,1
"AT11",2020,1990790,294436,6761.36749582252,8.81898044086012,29700,10.2989023247908,77.8,4.35414143118435,4407,0.0149675990707658,-4.20186747612766,33.1,0,3934.06953116692,1
"AT11",2021,2186092,296010,7385.19644606601,8.90723279529768,31800,10.3672215687683,78.1,4.35799005684564,4700,0.0158778419647985,-4.14283072882117,31.4,0,3934.06953116692,1
"AT11",2022,2610132,297583,8771.10587634374,9.07921817506126,34500,10.4487146030195,79.2,4.37197629882038,5037,0.0169263701219492,-4.07888251090789,31.4,0,3934.06953116692,1
"AT11",2023,2842291,301250,9434.9908713693,9.15218049027376,37500,10.5320962119585,79.7,4.37826958579617,5433,0.0180348547717842,-4.01544901723548,33.2,0,3934.06953116692,1
"AT12",2017,6491384,1665753,3896.96671715434,8.26795376466953,34900,10.4602421081905,88.2,4.47960696301275,27108,0.0162737212539914,-4.1182036651577,32,0,19309.8281801353,2
"AT12",2018,6700076,1670668,4010.41738993026,8.29665060214831,36100,10.494048144321,88.5,4.48300255201388,28479,0.0170464748232444,-4.07181185186436,31.9,0,19309.8281801353,2
"AT12",2019,6931168,1677542,4131.74036775234,8.32645399374269,37600,10.534759329378,88.9,4.48751214251986,29647,0.0176728809174375,-4.03572396590403,32.4,0,19309.8281801353,2
"AT12",2020,3987757,1684287,2367.62321385845,7.7696418675744,35100,10.465956409454,88.9,4.48751214251986,29466,0.0174946431338602,-4.04586055154943,33,0,19309.8281801353,2
"AT12",2021,4405820,1690879,2605.63884228262,7.8654331610825,37400,10.5294259834026,89.3,4.49200148788245,30968,0.018314734525652,-4.00004937777031,33.9,0,19309.8281801353,2
"AT12",2022,5891034,1698796,3467.77011483427,8.15126704816995,40700,10.6139833714307,90.4,4.50424426739813,33185,0.0195344232032569,-3.93557707723521,34.1,0,19309.8281801353,2
"AT12",2023,6581820,1718373,3830.26269616666,8.25068866890003,43300,10.6759079139906,91,4.51085950651685,35602,0.020718435403722,-3.87673137584536,36,0,19309.8281801353,2
"AT13",2017,15093839,1867582,8082.02210130532,8.99739738026786,48800,10.7954855918412,4754.9,8.46693094426413,46709,0.025010414536015,-3.68846295941929,42.1,0,337.789236135435,2
"AT13",2018,15843767,1888776,8388.37797600139,9.03460245252319,50700,10.8336811895793,4780.6,8.4723213406207,48968,0.0259257847410175,-3.6525172556615,42.3,0,337.789236135435,2
"AT13",2019,16817937,1897491,8863.24994426851,9.08966878720599,51800,10.8551454282476,4808.9,8.47822364671752,51010,0.0268828679556319,-3.6162660742407,42.9,0,337.789236135435,2
"AT13",2020,4350844,1911191,2276.50925522358,7.73039852031613,50000,10.8197782844103,4808.9,8.47822364671752,51326,0.0268555052844012,-3.6172844405196,42.7,0,337.789236135435,2
"AT13",2021,4754484,1920949,2475.07039489336,7.81402411697947,53800,10.8930287461499,4838.6,8.48438070166969,53548,0.027875805135899,-3.57999616581992,44.5,0,337.789236135435,2
"AT13",2022,12624154,1931593,6535.61801062646,8.78502219092533,56500,10.9419959171345,4941.5,8.50542420781624,57640,0.0298406548377427,-3.5118835589228,45.6,0,337.789236135435,2
"AT13",2023,16474060,1982097,8311.42976352822,9.02538692642284,60200,11.0054276312969,5035.2,8.52420852631014,62600,0.0315827126523071,-3.45514537605051,46.3,0,337.789236135435,2
"AT21",2017,11310192,561077,20158.0032687136,9.91135667306947,35900,10.4884925744764,59.9,4.0926765051214,9620,0.0171455967719226,-4.06601388632845,29.7,0,9368.54694724138,0
"AT21",2018,11548941,560898,20590.0912465368,9.93256523160681,37500,10.5320962119585,59.9,4.0926765051214,10050,0.0179176962656312,-4.02196643630486,30.6,0,9368.54694724138,0
"AT21",2019,11568419,560939,20623.3101995048,9.93417727812548,38700,10.5635948790179,59.9,4.0926765051214,10421,0.0185777776193133,-3.98578916419754,30.8,0,9368.54694724138,0
"AT21",2020,9475912,561293,16882.2914235524,9.73402050677783,37700,10.5374153734361,59.9,4.0926765051214,10338,0.0184181880051951,-3.99441662404719,32.1,0,9368.54694724138,0
"AT21",2021,8828510,562089,15706.6051817417,9.66183661507468,40100,10.5991316132947,60,4.0943445622221,10884,0.0193634815838773,-3.94436637942392,33.6,0,9368.54694724138,0
"AT21",2022,11150661,564513,19752.7089721583,9.89104592407052,45100,10.7166375254908,60.5,4.1026433650368,11680,0.0206904003982194,-3.87808543515387,33.3,0,9368.54694724138,0
"AT21",2023,11392166,568984,20021.9443780493,9.90458416993388,49700,10.8137602120847,60.8,4.10758978897212,12640,0.0222150359236815,-3.80698592550435,33.8,0,9368.54694724138,0
"AT22",2017,10971252,1237298,8867.10558006236,9.09010370638731,38700,10.5635948790179,76.2,4.3333614626926,23073,0.0186478924236522,-3.98202214605274,27.8,0,16341.9396162273,1
"AT22",2018,11158448,1240214,8997.19564526767,9.1046682127923,39600,10.5865843972426,76.4,4.33598269617247,24368,0.0196482220003967,-3.92976842820111,28.7,0,16341.9396162273,1
"AT22",2019,11357291,1243052,9136.6177762475,9.12004554960173,41100,10.6237634004843,76.6,4.33859707674655,25431,0.0204585166187738,-3.88935602261323,30.1,0,16341.9396162273,1
"AT22",2020,8312490,1246395,6669.22604792221,8.80525909738284,39300,10.5789797978574,76.6,4.33859707674655,25286,0.0202873085979966,-3.89775978066546,31.1,0,16341.9396162273,1
"AT22",2021,7553182,1247077,6056.70860740756,8.70892179742145,41700,10.6382564077869,76.7,4.33990170837321,26796,0.0214870453067453,-3.84030506932334,30.2,0,16341.9396162273,1
"AT22",2022,11085428,1252922,8847.6601097275,9.08790830866254,45700,10.7298535768823,77.5,4.3502779363593,28771,0.0229631214073981,-3.77386576697154,32.2,0,16341.9396162273,1
"AT22",2023,11735762,1265198,9275.83034434136,9.13516740846489,48300,10.7851868396407,78,4.35670882668959,31076,0.0245621633926073,-3.70654809356433,33.1,0,16341.9396162273,1
"AT31",2017,6888592,1465045,4701.96615121037,8.45573603026729,43200,10.6735957742322,125.4,4.83150862819882,30113,0.0205543174441741,-3.88468426549966,29.2,0,11931.58716,1
"AT31",2018,7279929,1473576,4940.31458167071,8.5051842886546,45000,10.7144177687525,126.1,4.83707524297087,31679,0.0214980428562897,-3.83979337793201,29,0,11931.58716,1
"AT31",2019,7586775,1482095,5118.95323849011,8.5407052515243,46300,10.7428972400743,126.8,4.84261104200313,33118,0.0223453962127934,-3.80113496514536,31.8,0,11931.58716,1
"AT31",2020,4725893,1490279,3171.14647659935,8.06184846602885,44600,10.7054891380082,126.8,4.84261104200313,32980,0.0221300843667528,-3.81081731260142,31.1,0,11931.58716,1
"AT31",2021,5032787,1495608,3365.04418270028,8.12119637206701,47400,10.7663775076832,127.4,4.84733174313806,35089,0.023461361533236,-3.75240040107103,30.5,0,11931.58716,1
"AT31",2022,7102633,1505140,4718.91850591972,8.45933492222353,51000,10.8395809117065,129.2,4.8613615913485,37594,0.0249770785441886,-3.68979673291799,32.4,0,11931.58716,1
"AT31",2023,7792079,1522825,5116.85781360301,8.54029582135688,53200,10.8818136753297,130.3,4.8698394841308,40429,0.0265486841889252,-3.62877509226148,33.1,0,11931.58716,1
"AT32",2017,23341866,549263,42496.7019442416,10.6571817505894,48800,10.7954855918412,78.1,4.35799005684564,12142,0.0221059856571442,-3.81190686291543,31.2,0,7210.55915507919,1
"AT32",2018,24271810,552579,43924.5972069152,10.6902297429942,50500,10.8297286152635,78.5,4.36309862478836,12681,0.0229487548386747,-3.7744915993429,32.3,0,7210.55915507919,1
"AT32",2019,24765838,555221,44605.3697536657,10.7056095288251,52200,10.8628377738707,78.9,4.36818122785183,13224,0.023817542924349,-3.73733287216605,32.8,0,7210.55915507919,1
"AT32",2020,16229724,558410,29064.1714869003,10.2772614742036,50200,10.8237703056798,78.9,4.36818122785183,13112,0.0234809548539604,-3.75156561815574,32.5,0,7210.55915507919,1
"AT32",2021,11537126,560710,20575.9233828539,9.93187690341328,52400,10.8666618703091,79.3,4.3732381286408,13432,0.0239553423338268,-3.73156391804464,33.6,0,7210.55915507919,1
"AT32",2022,22340779,562606,39709.4574178022,10.5893446604158,60700,11.0136989770476,80.1,4.38327585407431,14912,0.0265052274593588,-3.63041330282636,33.2,0,7210.55915507919,1
"AT32",2023,25064004,568346,44099.9039317599,10.6942128830144,63400,11.0572191404253,80.8,4.39197696552705,16182,0.0284720927040922,-3.55883087480553,36.1,0,7210.55915507919,1
"AT33",2017,37356125,746153,50064.9665685188,10.8210767723801,43600,10.6828124293371,59.8,4.09100566095659,15047,0.0201661053430061,-3.90375203723193,29,0,12585.3223883018,0
"AT33",2018,38580323,751140,51362.3598796496,10.8466608851208,45300,10.7210623114711,60.2,4.09767235231478,15916,0.0211891258620231,-3.85426715993494,29.9,0,12585.3223883018,0
"AT33",2019,38871383,754705,51505.400123227,10.8494419379164,46800,10.7536384819057,60.4,4.10098910494077,16578,0.0219661987134046,-3.81825042924861,29.9,0,12585.3223883018,0
"AT33",2020,25221795,757634,33290.2100486515,10.4130186402113,44000,10.6919449129004,60.4,4.10098910494077,16284,0.0214932276006621,-3.84001738878801,31.9,0,12585.3223883018,0
"AT33",2021,18821441,760105,24761.6329322922,10.1170506750396,44500,10.7032444681543,60.7,4.10594369806545,16732,0.0220127482387302,-3.81613352805224,31.4,0,12585.3223883018,0
"AT33",2022,35505983,764102,46467.5959492319,10.7465104873479,51600,10.8512769514697,61.4,4.1174098351531,18622,0.0243710918175846,-3.71435761064221,31.9,0,12585.3223883018,0
"AT33",2023,38439624,771304,49837.1900054972,10.8165167715649,55200,10.9187182322652,61.9,4.12552017969055,20187,0.0261725597170506,-3.64304375610174,32.2,0,12585.3223883018,0
"AT34",2017,6892247,388752,17729.1615219986,9.78296610646654,45500,10.725467604939,154,5.03695260241363,8008,0.0205992509363296,-3.88250056616182,28.1,0,2594.96098087232,0
"AT34",2018,7113490,391741,18158.6558465925,9.80690263215775,48700,10.7934343090707,155.2,5.04471460774912,8414,0.0214784768507764,-3.84070392196854,27.6,0,2594.96098087232,0
"AT34",2019,7184078,394297,18219.9661676351,9.8102733139316,47300,10.76426557448,156.3,5.05177723742743,8742,0.0221711045227329,-3.80896543599353,28.4,0,2594.96098087232,0
"AT34",2020,4838194,397139,12182.6211981196,9.40776572321072,45600,10.7276629955025,156.3,5.05177723742743,8762,0.0220628042070912,-3.81386215596028,29.2,0,2594.96098087232,0
"AT34",2021,3589397,399237,8990.64214990094,9.10393955426965,51400,10.8473934514433,157.3,5.05815481006423,9142,0.0228986792306324,-3.77667604560347,28.6,0,2594.96098087232,0
"AT34",2022,6751892,401674,16809.3827332613,9.72969250551795,59200,10.9886768208721,159.6,5.07267068501571,9854,0.0245323321897857,-3.70776335022962,29.9,0,2594.96098087232,0
"AT34",2023,7444104,406395,18317.4104012106,9.81560727459105,54700,10.9096189884101,161.3,5.08326598513116,10571,0.026011638922723,-3.64921119025246,29.4,0,2594.96098087232,0
"PL21",2017,13165713,3339803,3942.06275040773,8.27945940600498,11300,9.33255800470043,222.5,5.4049271016063,15578.11,0.0046643799050423,-5.36780037848227,33.6,0,15142.976638802,5
"PL21",2018,13918770,3349498,4155.47941810982,8.33218308405333,12200,9.40919123072135,223.2,5.40806823050716,16960.46,0.00506358266223774,-5.28568101020664,33,0,15142.976638802,5
"PL21",2019,14855514,3360545,4420.56690209475,8.39402322523982,12900,9.46498259034976,224,5.41164605185504,18460.77,0.00549338574546688,-5.20421050217071,34,0,15142.976638802,5
"PL21",2020,6841762,3371956,2029.01876536942,7.61530758836334,12900,9.46498259034976,224,5.41164605185504,18660.14,0.0055339215576953,-5.19685857233021,34.3,0,15142.976638802,5
"PL21",2021,8823230,3324543,2653.96777842849,7.88381107406054,14400,9.57498348556409,224.4,5.41343017364854,19801.76,0.00595623518781378,-5.1233166773957,36.4,0,15142.976638802,5
"PL21",2022,13686985,3320962,4121.39163290637,8.32394616028772,15600,9.65502619323763,220.9,5.39771011042607,22167.26,0.00667495141468044,-5.00939335342187,36.2,0,15142.976638802,5
"PL21",2023,14636978,3319305,4409.65141799262,8.3915509217777,17800,9.78695373628018,220.8,5.39725731440294,26116.69,0.00786811998294824,-4.84493612908656,40.5,0,15142.976638802,5
"PL22",2017,5810348,4510528,1288.17468819615,7.1609815249492,12700,9.44935727244668,370.7,5.91539311015669,23300.92,0.0051658963207855,-5.26567665404424,28.2,0,12341.1583427106,1
"PL22",2018,6315306,4500863,1403.1322437497,7.2464623335006,13700,9.52515111181622,369.9,5.91323269883841,25159.22,0.00558986576574315,-5.18680000538733,29.7,0,12341.1583427106,1
"PL22",2019,6520299,4488998,1452.50655045959,7.28104599849875,14400,9.57498348556409,368.8,5.91025449168244,26892.68,0.00599079794644596,-5.1175306626307,31,0,12341.1583427106,1
"PL22",2020,3342011,4475460,746.741340554937,6.61571886085213,14300,9.568014816248,368.8,5.91025449168244,26635.38,0.0059514284565162,-5.12412401151299,30.8,0,12341.1583427106,1
"PL22",2021,4099126,4310201,951.028965934535,6.85754452047748,16200,9.69276652122048,367.2,5.90590665874634,27945.54,0.00648358162415164,-5.03848220153478,31.9,0,12341.1583427106,1
"PL22",2022,6155827,4273835,1440.35204915492,7.27264284126983,18300,9.81465633882951,350.5,5.85936070647464,31115,0.00728034657397864,-4.92257681159094,33,0,12341.1583427106,1
"PL22",2023,6257167,4245283,1473.9104554396,7.29567432154141,20600,9.93304635477767,348.2,5.85277702733409,36613.39,0.00862448746055328,-4.75314974269383,36.6,0,12341.1583427106,1
"PL41",2017,3688113,3457473,1066.70767927906,6.97233224870467,13400,9.503009985939,117.4,4.765586907394,17307.49,0.00500582072513654,-5.29715389861211,25.2,0,29676.7407050506,0
"PL41",2018,3808165,3465605,1098.84565609756,7.00201550422937,14300,9.568014816248,117.6,4.76728903546453,18614.34,0.00537116607345615,-5.22671024813912,26.5,0,29676.7407050506,0
"PL41",2019,3887769,3473172,1119.37128365655,7.02052245279299,15300,9.63560810738053,117.9,4.76983680754333,20133.8,0.00579694872583333,-5.1504235816122,28.5,0,29676.7407050506,0
"PL41",2020,2091807,3479525,601.17602258929,6.39888777449748,15300,9.63560810738053,117.9,4.76983680754333,20414.58,0.00586705944058456,-5.13840171774756,29.5,0,29676.7407050506,0
"PL41",2021,2601703,3455384,752.941785920176,6.6239879152764,16700,9.72316399840485,118,4.77068462446567,21572.33,0.00624310641017033,-5.07627739833045,27.9,0,29676.7407050506,0
"PL41",2022,3741115,3449874,1084.42076435255,6.9888012656822,18300,9.81465633882951,116.9,4.76131886847802,23772.22,0.00689075021290633,-4.97757531557252,28.9,0,29676.7407050506,0
"PL41",2023,3685989,3444228,1070.19308826245,6.97559436749571,20900,9.9475044379529,116.7,4.75960653929251,27655.66,0.00802956714828403,-4.82462465679964,33.6,0,29676.7407050506,0
"PL42",2017,14057523,1681246,8361.37186348696,9.03137779111929,10400,9.24956108512946,76.9,4.3425058765116,6382.66,0.00379638672746285,-5.57370552579906,26.7,0,22424.6486834572,0
"PL42",2018,15153463,1678873,9025.97337618748,9.1078616307025,11200,9.32366905728319,76.8,4.34120464015363,6829.52,0.0040679193721026,-5.50462362102602,28.6,0,22424.6486834572,0
"PL42",2019,16084732,1675502,9599.9479558962,9.16951295618042,11800,9.37585481045376,76.6,4.33859707674655,7370.16,0.00439877720229519,-5.42642868525094,29.6,0,22424.6486834572,0
"PL42",2020,9947125,1671605,5950.64324406783,8.69125460094309,12100,9.40096073158483,76.6,4.33859707674655,7466.58,0.00446671312899878,-5.41110245873283,29.9,0,22424.6486834572,0
"PL42",2021,11934757,1610051,7412.65773568663,8.91094432276748,13300,9.49551931420985,76.3,4.33467293829041,7812.58,0.00485238045254467,-5.32828587948534,30,0,22424.6486834572,0
"PL42",2022,15160974,1598259,9485.93062826488,9.15756499334573,14400,9.57498348556409,72.9,4.28908863901461,8525.85,0.00533446081016907,-5.233567465846,33,0,22424.6486834572,0
"PL42",2023,15609187,1589049,9822.97399262074,9.19247920607091,16400,9.70503661381229,72.5,4.28358656186063,9981.51,0.00628143625526966,-5.07015662158217,36.8,0,22424.6486834572,0
"PL43",2017,1361214,1004892,1354.58735864153,7.21125215456653,10300,9.23989917421773,72.8,4.28771595520264,3933.76,0.00391460972920473,-5.54303964053524,23.7,0,13965.9537775862,0
"PL43",2018,1429521,1004127,1423.64561454876,7.26097619481192,10900,9.29651806821724,72.7,4.28634138453947,4273.61,0.0042560453010426,-5.45941488295748,24.8,0,13965.9537775862,0
"PL43",2019,1480010,1003310,1475.12732854252,7.29649958948379,11500,9.35010231435134,72.6,4.28496492183075,4581.39,0.0045662756276724,-5.38905736745938,25.9,0,13965.9537775862,0
"PL43",2020,934056,1001411,932.739903995462,6.83812638813002,11800,9.37585481045376,72.6,4.28496492183075,4564.93,0.00455849795937932,-5.39076210459121,28.1,0,13965.9537775862,0
"PL43",2021,1155689,965875,1196.52025365601,7.08717283462347,13000,9.47270463644367,72.4,4.28220629939167,4810.96,0.0049809343859195,-5.30213777785077,29.1,0,13965.9537775862,0
"PL43",2022,1403812,958281,1464.92730211702,7.28956089709159,14300,9.568014816248,69.2,4.23700086262362,5331.09,0.00556318031976007,-5.19158533429242,28.8,0,13965.9537775862,0
"PL43",2023,1363475,952793,1431.02961503705,7.26614947468616,15900,9.67407438820832,68.8,4.2312037449393,6206.96,0.00651448950611518,-5.03372642817297,31.1,0,13965.9537775862,0
"PL51",2017,8490516,2866218,2962.27153691729,7.99371166412946,13600,9.51782507172414,144.9,4.97604384932664,15700.96,0.00547793643051575,-5.20702681271465,29.8,0,19958.6209280909,2
"PL51",2018,9034206,2865358,3152.9065478031,8.05608001996947,14500,9.58190392840867,144.9,4.97604384932664,17047.75,0.00594960559902113,-5.12443034750041,31.7,0,19958.6209280909,2
"PL51",2019,9617889,2865072,3356.94495635712,8.11878660016915,15500,9.64859530290734,144.9,4.97604384932664,18316.04,0.00639287250023734,-5.05257158104771,35,0,19958.6209280909,2
"PL51",2020,5515483,2864809,1925.25330659042,7.56281282590414,15600,9.65502619323763,144.9,4.97604384932664,18558.18,0.00647798160366014,-5.03934629805486,36.5,0,19958.6209280909,2
"PL51",2021,6453483,2833557,2277.52009223742,7.73084245115334,17500,9.76995615991161,144.7,4.97466263363744,19631.78,0.0069283165999484,-4.97213841015928,36.7,0,19958.6209280909,2
"PL51",2022,9635580,2822229,3414.17369037027,8.13569077797421,18900,9.84691720104773,142.5,4.95934199970871,21741.32,0.00770359882206582,-4.8660676798212,36.1,0,19958.6209280909,2
"PL51",2023,10598860,2813919,3766.58318878404,8.23392355351701,21400,9.97114620100994,142.1,4.95653103510305,25600.18,0.00909769613126746,-4.69973406990106,39.7,0,19958.6209280909,2
"PL52",2017,920687,950710,968.420443668416,6.87566633560978,10100,9.22029070282935,102,4.62497281328427,3814.89,0.00401267473782752,-5.51829724310598,25.9,0,9365.5486144224,0
"PL52",2018,889079,948808,937.048380705053,6.84273491452877,10800,9.28730141311231,101.7,4.62202730305451,4104.89,0.00432636529202958,-5.44302751395529,25.9,0,9365.5486144224,0
"PL52",2019,938234,946038,991.750859902034,6.8994719264493,11500,9.35010231435134,101.4,4.61907309115708,4438.29,0.0046914500263203,-5.3620135702529,26.3,0,9365.5486144224,0
"PL52",2020,467323,942233,495.973925769953,6.20652335633094,11600,9.35876037709446,101.4,4.61907309115708,4425.39,0.00469670453062035,-5.36089417989415,27.7,0,9365.5486144224,0
"PL52",2021,512231,910302,562.704465111578,6.3327545615625,13200,9.48797210857446,100.8,4.61313835563727,4656.09,0.00511488495026925,-5.27560037244749,27.8,0,9365.5486144224,0
"PL52",2022,717966,902444,795.579559507294,6.67907085472832,14200,9.56099724358935,96.6,4.57057874121847,5108.09,0.00566028473788955,-5.17428108098478,28,0,9365.5486144224,0
"PL52",2023,707654,896370,789.466403382532,6.67135727849325,16100,9.68657455097255,95.9,4.56330598188939,5944.96,0.00663226123141114,-5.01580947238763,30.1,0,9365.5486144224,0
"PL61",2017,4271410,2060575,2072.92139330041,7.63671419242132,10000,9.21034037197618,117.2,4.76388187714291,7833.92,0.0038018126008517,-5.57227732575411,24.7,0,17989.0166754261,1
"PL61",2018,4454608,2059748,2162.69563072764,7.67911069979068,10800,9.28730141311231,117.1,4.76302827060367,8446.56,0.00410077349267969,-5.49657966631418,25.3,0,17989.0166754261,1
"PL61",2019,4570141,2055433,2223.44440319874,7.70681280545498,11300,9.33255800470043,116.8,4.76046307039413,9026.67,0.00439161480816937,-5.42805828167902,24.7,0,17989.0166754261,1
"PL61",2020,2371704,2050976,1156.37823163216,7.05304818571057,11800,9.37585481045376,116.8,4.76046307039413,9162.5,0.00446738528388436,-5.41095198918218,26.9,0,17989.0166754261,1
"PL61",2021,3085959,1969116,1567.17989189057,7.35703303595242,13000,9.47270463644367,116.4,4.75703253529734,9547.88,0.00484881540752297,-5.32902084973718,28.2,0,17989.0166754261,1
"PL61",2022,4503212,1954778,2303.69484412041,7.74226956691572,14500,9.58190392840867,110.9,4.70862889435632,10469.9,0.00535605577717777,-5.22952743724594,28.2,0,17989.0166754261,1
"PL61",2023,4663842,1943197,2400.08707300392,7.78326029609622,16000,9.68034400122192,110.2,4.70229689671881,12110.96,0.00623249212509077,-5.0779790060907,31.1,0,17989.0166754261,1
"PL62",2017,3131890,1410641,2220.18926147758,7.70534772415033,8800,9.0825070004663,61.4,4.1174098351531,4751.47,0.00336830561425621,-5.69334544614385,23.4,0,24008.056821734,0
"PL62",2018,3236269,1408415,2297.80923946422,7.73971144341572,9200,9.12695876303713,61.3,4.11577984294217,5039.77,0.00357832741059986,-5.63285979148626,23.6,0,24008.056821734,0
"PL62",2019,3379520,1404441,2406.30969901904,7.78584960771027,9800,9.19013766465866,61.1,4.11251186617755,5390.22,0.00383798251403939,-5.5628084374155,24.2,0,24008.056821734,0
"PL62",2020,2372710,1399038,1695.95822272161,7.43600318321922,10400,9.24956108512946,61.1,4.11251186617755,5499.89,0.00393119414912247,-5.53881204451693,23.9,0,24008.056821734,0
"PL62",2021,2561012,1322861,1935.96454956341,7.56836095649295,11400,9.34136863438259,60.8,4.10758978897212,5765.79,0.00435857584432529,-5.43560991618985,25.3,0,24008.056821734,0
"PL62",2022,3086563,1311843,2352.84481450905,7.76338043436757,12500,9.43348392329039,57,4.04305126783455,6254.03,0.00476736164312345,-5.3459622417554,28,0,24008.056821734,0
"PL62",2023,3213311,1303380,2465.36773619359,7.8100962583901,14100,9.55393007636626,56.6,4.03600898520914,7205.2,0.00552808850833986,-5.19791318172963,31.2,0,24008.056821734,0
"PL63",2017,9306686,2285800,4071.52244290839,8.31177227308858,11900,9.38429367909962,129.5,4.86368088113959,10758.52,0.00470667599965001,-5.35877335265864,32.8,0,18140.2212997484,1
"PL63",2018,9815973,2294926,4277.2503339977,8.36106563679177,12900,9.46498259034976,130,4.86753445045558,11680.16,0.00508955844327878,-5.28056420202969,32.8,0,18140.2212997484,1
"PL63",2019,10333333,2305077,4482.85805636862,8.40801608101054,13700,9.52515111181622,130.6,4.87213921684233,12732.46,0.00552365929641396,-5.19871472230787,34.5,0,18140.2212997484,1
"PL63",2020,6701020,2316135,2893.19059553955,7.97011518443049,13400,9.503009985939,130.6,4.87213921684233,12943.51,0.00558840913850013,-5.18706062292693,35.3,0,18140.2212997484,1
"PL63",2021,7989487,2295666,3480.2479977488,8.1548588339503,15100,9.62245002280302,131,4.87519732320115,13610.14,0.00592862376321294,-5.12796317330987,35,0,18140.2212997484,1
"PL63",2022,10026202,2295510,4367.74485844104,8.38200210418966,17300,9.75846178048587,129.8,4.86599480426999,15202.83,0.00662285505181855,-5.01722872529654,38.6,0,18140.2212997484,1
"PL63",2023,9978865,2295745,4346.67831139782,8.37716722581151,19100,9.85744361403472,129.8,4.86599480426999,17729.85,0.00772291783277324,-4.86356302874032,42.4,0,18140.2212997484,1
"PL71",2017,2342874,2471620,947.910277469838,6.85425985375684,11500,9.35010231435134,136.2,4.91412439371541,10517.27,0.00425521318001958,-5.45961041714963,28.1,0,18115.968731688,0
"PL71",2018,2560848,2462448,1039.96023469328,6.94693775553256,12400,9.42545175159313,135.7,4.91044656684082,11359.15,0.00461295020240021,-5.37888766952212,29,0,18115.968731688,0
"PL71",2019,2726694,2453167,1111.49954324349,7.01346532246713,13400,9.503009985939,135.2,4.90675516360886,12363.41,0.00503977511518784,-5.29039381789678,29.1,0,18115.968731688,0
"PL71",2020,1351900,2442685,553.448357033346,6.31616844523629,13800,9.5324238711453,135.2,4.90675516360886,12642.58,0.00517568986586482,-5.26378264130186,30.4,0,18115.968731688,0
"PL71",2021,1594579,2380949,669.724131008266,6.50686588283108,15000,9.61580548008435,134.4,4.90082042808905,13272.8,0.00557458391590916,-5.18953759833884,30.2,0,18115.968731688,0
"PL71",2022,2568871,2359467,1088.75055256124,6.99278603568551,16500,9.71111565988867,129.8,4.86599480426999,14483.69,0.00613854315402589,-5.09316783630767,30.4,0,18115.968731688,0
"PL71",2023,2527953,2343021,1078.92887003574,6.98372404096816,19000,9.85219425814858,128.9,4.85903690994514,16889.04,0.00720823244862082,-4.9325315104973,33.5,0,18115.968731688,0
"PL72",2017,1674397,1237518,1353.02840039498,7.21010061863414,9000,9.10497985631836,106.1,4.66438204561994,4076.81,0.00329434400146099,-5.71554821993472,27.9,0,11758.2794442156,1
"PL72",2018,1796855,1232016,1458.46726016545,7.285141341449,9800,9.19013766465866,105.6,4.65965837127216,4399.86,0.00357126855495383,-5.63483440878593,28.9,0,11758.2794442156,1
"PL72",2019,1940127,1226243,1582.17172289669,7.36655369041184,10300,9.23989917421773,105.1,4.65491227788291,4689.36,0.00382416861910731,-5.5664141898103,30.1,0,11758.2794442156,1
"PL72",2020,1041460,1218743,854.536190156579,6.75055885409483,10800,9.28730141311231,105.1,4.65491227788291,4727.89,0.00387931664017763,-5.55209626452411,31.9,0,11758.2794442156,1
"PL72",2021,1403343,1154493,1215.54916313914,7.10295123978244,11800,9.37585481045376,104.3,4.64727136200673,4949.4,0.0042870766648217,-5.45215020843273,30.4,0,11758.2794442156,1
"PL72",2022,1844498,1142718,1614.13227060395,7.38655279751906,12800,9.45720044990771,97.8,4.58292457704077,5353.28,0.00468469036105146,-5.36345545703375,30.9,0,11758.2794442156,1
"PL72",2023,1895994,1133097,1673.28481145039,7.42254392645604,14900,9.60911649193355,97,4.57471097850338,6274.55,0.00553752238334406,-5.19620810148017,33.7,0,11758.2794442156,1
"PL81",2017,2149371,2112787,1017.31551737113,6.9249225911692,8700,9.07107830464268,84.6,4.43793426661218,6814.66,0.00322543635491888,-5.73668703403633,26.9,0,24991.826299032,1
"PL81",2018,2296723,2105442,1090.85075722817,6.99471318200122,9100,9.11602969250494,84.3,4.43438186500781,7247.21,0.00344213234085764,-5.67166413310635,28.8,0,24991.826299032,1
"PL81",2019,2380987,2097294,1135.26620492883,7.03462244420239,9800,9.19013766465866,84,4.43081679884331,7839.03,0.00373768770615851,-5.58928811914289,31.2,0,24991.826299032,1
"PL81",2020,1397231,2088292,669.078366435345,6.50590119293211,10100,9.22029070282935,84,4.43081679884331,7929.1,0.0037969306974312,-5.57356224982656,33.5,0,24991.826299032,1
"PL81",2021,1710356,1981180,863.30166870249,6.76076418817427,11100,9.31470038730042,83.5,4.42484663185681,8303.47,0.00419117394683976,-5.4747744060473,31.3,0,24991.826299032,1
"PL81",2022,2425810,1962076,1236.34864296796,7.11991767184103,12300,9.41735454136051,78.5,4.36309862478836,9060.2,0.00461766007025212,-5.37786718049235,29.8,0,24991.826299032,1
"PL81",2023,2404601,1948400,1234.14134674605,7.11813074146005,13800,9.5324238711453,77.9,4.3554259528767,10584.98,0.00543265243276535,-5.21532778681357,34,0,24991.826299032,1
"PL82",2017,3384948,2084722,1623.69275135965,7.39245831030993,8700,9.07107830464268,117.8,4.76898827121749,7318.06,0.00351032895513167,-5.65204552648502,28.3,0,17876.3847962174,0
"PL82",2018,3540363,2085877,1697.30190226941,7.4367951529289,9400,9.1484649682581,117.8,4.76898827121749,7988.97,0.00383002928744121,-5.56488282896733,28.4,0,17876.3847962174,0
"PL82",2019,3602108,2086135,1726.68978757367,7.45396143698245,10100,9.22029070282935,117.8,4.76898827121749,8653.2,0.00414795782631517,-5.48513915590011,29.4,0,17876.3847962174,0
"PL82",2020,2113632,2084447,1014.00131545681,6.92165948144497,10200,9.23014299927236,117.8,4.76898827121749,8607.92,0.00412959408418636,-5.48957616154009,29.7,0,17876.3847962174,0
"PL82",2021,2413800,1979297,1219.52390166812,7.10621581702776,11400,9.34136863438259,117.6,4.76728903546453,9122.27,0.00460884344289917,-5.3797783335145,30.2,0,17876.3847962174,0
"PL82",2022,3419504,1968616,1737.00914754325,7.45992003251581,12400,9.42545175159313,111,4.70953020131233,9920.19,0.00503916965015016,-5.29051396242629,30.6,0,17876.3847962174,0
"PL82",2023,3618999,1962332,1844.23379937748,7.51981918532972,14300,9.568014816248,110.7,4.70682383971459,11647.29,0.00593543294406859,-5.12681530597051,32.9,0,17876.3847962174,0
"PL84",2017,1245273,1156947,1076.34403304559,6.98132542293167,9200,9.12695876303713,57.8,4.05698877567833,3936.11,0.00340215238900313,-5.68334699206603,30.5,0,20256.907599612,1
"PL84",2018,1211432,1154856,1048.98965758501,6.95558274903884,9800,9.19013766465866,57.7,4.05525717351405,4286.52,0.00371173548909994,-5.59625572492155,32.3,0,20256.907599612,1
"PL84",2019,1315454,1152074,1141.8138070992,7.04037333585431,10600,9.26860928010016,57.5,4.0517849478033,4651.9,0.0040378482632192,-5.51204333700922,32.9,0,20256.907599612,1
"PL84",2020,830013,1149389,722.134107773782,6.58221086648342,11100,9.31470038730042,57.5,4.0517849478033,4762.77,0.00414374071789446,-5.48615634405808,31.7,0,20256.907599612,1
"PL84",2021,1022876,1097521,931.987633949601,6.83731954630315,12000,9.39266192877014,57.3,4.04830062372069,5059.8,0.00461020791401714,-5.37948232233611,33,0,20256.907599612,1
"PL84",2022,1283376,1089385,1178.07386736553,7.07163606798884,13600,9.51782507172414,54.3,3.99452422693989,5586.74,0.00512834305594441,-5.27297266301628,34.7,0,20256.907599612,1
"PL84",2023,1232953,1083854,1137.56373090841,7.03664417642787,15400,9.64212278840172,54.1,3.99083418585244,6484.81,0.00598310289024168,-5.11881596762339,36,0,20256.907599612,1
"PL91",2017,7601661,3002278,2531.96439503604,7.83675072117311,26300,10.1773242181659,501.2,6.21700522302191,32250.41,0.010741979923245,-4.53359585649662,56.7,0,5996.83872825798,1
"PL91",2018,7964885,3025034,2632.99024077085,7.87587545298388,28500,10.2576593662567,505.4,6.22535019495409,35286.64,0.0116648738493518,-4.45117318802485,57.4,0,5996.83872825798,1
"PL91",2019,8209381,3053104,2688.86385789675,7.89687402571857,30600,10.3287552879405,510.2,6.23480280570771,38364.2,0.0125656381177975,-4.37678932393608,56.1,0,5996.83872825798,1
"PL91",2020,3188573,3082399,1034.4452486521,6.94162057036412,28900,10.2715968741005,510.2,6.23480280570771,39062.8,0.0126728564342254,-4.36829286142224,57.8,0,5996.83872825798,1
"PL91",2021,4426350,3242890,1364.93991470571,7.2188656881196,30900,10.3385114628858,513.7,6.24163943747322,40268.12,0.0124173561237045,-4.38866009762493,58.1,0,5996.83872825798,1
"PL91",2022,8773703,3256793,2693.97011108781,7.89877126228657,33900,10.4311702933685,542.7,6.29655668106936,45173.6,0.0138705775896718,-4.27798540243147,57.7,0,5996.83872825798,1
"PL91",2023,8918913,3269510,2727.9050989292,7.91128923057569,40200,10.6016222746071,544.7,6.30023518438963,54506.61,0.0166711862022138,-4.09407342684979,62,0,5996.83872825798,1
"PL92",2017,1278291,2339206,546.463629111758,6.30346775299888,10800,9.28730141311231,80,4.38202663467388,7651.87,0.00327113986540732,-5.72261677212044,22.6,0,29272.1855717811,0
"PL92",2018,1433997,2334793,614.1859256902,6.42029769287963,11500,9.35010231435134,79.8,4.37952350445576,8236.3,0.00352763606880781,-5.64712730125827,23.6,0,29272.1855717811,0
"PL92",2019,1500546,2327207,644.784069487587,6.46891548475755,12500,9.43348392329039,79.5,4.37575702166029,9034.34,0.0038820526064076,-5.5513912429599,26.2,0,29272.1855717811,0
"PL92",2020,869358,2319035,374.879206221553,5.92660385733715,12600,9.44145209293957,79.5,4.37575702166029,9277.29,0.00400049589592223,-5.52133695156583,26.3,0,29272.1855717811,0
"PL92",2021,1049539,2239471,468.654874298439,6.14986662186057,14000,9.5468126085974,79.1,4.37071287477361,9780.73,0.00436742873651858,-5.43358083285654,28.2,0,29272.1855717811,0
"PL92",2022,1519801,2222691,683.766209518102,6.52761606024583,16500,9.71111565988867,75.8,4.32809829264833,10718.29,0.00482221325411405,-5.33452227495966,29.7,0,29272.1855717811,0
"PL92",2023,1483120,2210253,671.018204703262,6.50879626730896,18100,9.80366721725392,75.4,4.32280727501391,12664.24,0.00572976939744002,-5.1620799938402,32.2,0,29272.1855717811,0
"PT11",2017,9872573,3596590,2744.98149636183,7.91752961306912,16100,9.68657455097255,169.6,5.1334427233578,26045.67,0.00724176789681337,-4.92788991775,20.5,0,21299.3169461389,4
"PT11",2018,10692053,3592401,2976.29718953981,7.99843525304365,17000,9.74096862303835,169.3,5.13167228913909,27824.77,0.00774545213632888,-4.86064942898264,21.7,0,21299.3169461389,4
"PT11",2019,11731959,3591630,3266.47204751046,8.09146579692304,17700,9.78131991856192,169.3,5.13167228913909,29448.03,0.00819907117381245,-4.80373440261392,23.1,0,21299.3169461389,4
"PT11",2020,4802106,3600042,1333.90277113434,7.19586433861267,16900,9.73506890091116,169.3,5.13167228913909,29713.03,0.00825352315334099,-4.79711512090516,23.7,0,21299.3169461389,4
"PT11",2021,6738173,3601434,1870.96945272355,7.53421199942972,18200,9.80917687306489,169.1,5.13049025590453,32072.25,0.00890541101128051,-4.72109620819271,24.9,0,21299.3169461389,4
"PT11",2022,12603647,3609978,3491.33623529008,8.15803981735966,20000,9.90348755253613,171.7,5.14574876790343,35044.55,0.00970769073938955,-4.63483684788916,25.8,0,21299.3169461389,4
"PT11",2023,14356394,3640294,3943.74575240351,8.27988624924388,21900,9.99424191580459,173.5,5.15617759938691,39066.47,0.0107316799137652,-4.53455517226746,26.3,0,21299.3169461389,4
"PT15",2017,22209935,453300,48996.1063313479,10.7994961113099,20100,9.90847509404717,89.3,4.49200148788245,3392.01,0.00748292521508935,-4.89513149190828,22.4,0,5045.50711596229,0
"PT15",2018,22531470,456113,49398.8770326652,10.8076829707854,21100,9.95702831946416,89,4.48863636973214,3691.75,0.00809393724800652,-4.8166399854611,22.2,0,5045.50711596229,0
"PT15",2019,22992874,459597,50028.3378699165,10.8203448812623,21900,9.99424191580459,88.9,4.48751214251986,3962.2,0.00862103103370997,-4.75355059198006,22.1,0,5045.50711596229,0
"PT15",2020,9118490,465610,19583.965121024,9.882466404317,18000,9.7981270368783,88.9,4.48751214251986,3680.95,0.00790565065183308,-4.8401775028106,23.9,0,5045.50711596229,0
"PT15",2021,12265782,469892,26103.4067402722,10.1698211112402,20000,9.90348755253613,88.8,4.48638664999812,3952.56,0.00841163501400322,-4.778139410813,24.8,0,5045.50711596229,0
"PT15",2022,21224550,469983,45160.2504771449,10.7179725646863,25300,10.1385596747156,96.1,4.56538931597625,4560.07,0.00970262754184726,-4.63535854955152,25.3,0,5045.50711596229,0
"PT15",2023,22649144,478618,47321.9644894258,10.7647298322227,27500,10.2219412836547,97.6,4.58087749341905,5209.2,0.0108838363789076,-4.52047649135058,25.3,0,5045.50711596229,0
"RO11",2017,3310646,2568282,1289.0508129559,7.161661422609,8900,9.09380655572023,76.1,4.33204826486764,8656.15,0.00337040480757175,-5.69272242089064,17.1,0,34146.4468442517,1
"RO11",2018,3614053,2560504,1411.46157162809,7.25238102212143,9600,9.16951837745593,75.2,4.32015123095579,9695.47,0.00378654749221247,-5.57630062697949,17.7,0,34146.4468442517,1
"RO11",2019,3769644,2552112,1477.06840452143,7.2978145946082,10700,9.27799902045,75,4.31748811353631,10832.42,0.00424449240472205,-5.46213304122782,18.9,0,34146.4468442517,1
"RO11",2020,1640652,2547429,644.042287341473,6.46776438752231,10700,9.27799902045,75,4.31748811353631,10860.05,0.00426314138686495,-5.4577489757005,20.1,0,34146.4468442517,1
"RO11",2021,2750612,2537017,1084.19139485467,6.98858972993315,11700,9.36734412078585,74.7,4.31348009213877,11579.58,0.00456425006217932,-5.38950105834753,19.3,0,34146.4468442517,1
"RO11",2022,3455229,2523601,1369.16612412184,7.22195716498408,13500,9.51044496442652,74.3,4.30811095172371,13643.81,0.0054064846225691,-5.22015618983148,18.2,0,34146.4468442517,1
"RO11",2023,3678717,2532042,1452.86571075835,7.28129323724704,15600,9.65502619323763,74.6,4.31214050720972,16038.03,0.00633403000424164,-5.0618185938637,17.2,0,34146.4468442517,1
"RO12",2017,5832949,2332785,2500.42288509228,7.82421515058827,9000,9.10497985631836,68.9,4.23265617801961,8051.41,0.00345141536832584,-5.66897088038043,17.9,0,34006.9007559303,3
"RO12",2018,6013031,2325371,2585.83727069788,7.85780463032083,10100,9.22029070282935,68.4,4.2253728246285,9116.42,0.00392041527997038,-5.54155769202293,18.1,0,34006.9007559303,3
"RO12",2019,6372951,2318272,2749.00917579991,7.91899582602796,10800,9.28730141311231,68.2,4.22244456484942,9943.94,0.00428937587996577,-5.45161403915128,18.3,0,34006.9007559303,3
"RO12",2020,3064855,2314826,1324.01096237903,7.18842101620515,10800,9.28730141311231,68.2,4.22244456484942,9908.05,0.00428025691779857,-5.45374224366698,17.1,0,34006.9007559303,3
"RO12",2021,4811568,2302833,2089.4124758504,7.64463819340616,11800,9.37585481045376,68,4.21950770517611,10416.01,0.00452312868540619,-5.39855133755219,16.4,0,34006.9007559303,3
"RO12",2022,5752929,2273401,2530.5386071353,7.83618744725986,13300,9.49551931420985,67,4.20469261939097,11983.51,0.00527118181086399,-5.24550068903385,18.9,0,34006.9007559303,3
"RO12",2023,6304368,2281084,2763.75968618429,7.92434723689072,15700,9.6614159913364,67.3,4.20916023665068,14134.01,0.00619618128924669,-5.08382209777765,18.1,0,34006.9007559303,3
"RO21",2017,2279767,3239540,703.731702649142,6.55639717932782,6000,8.69951474821019,89.5,4.49423862528081,6818,0.00210461979169882,-6.16362044968257,12.1,0,36737.9045118952,1
"RO21",2018,2408504,3222732,747.348522930234,6.6165316398202,6600,8.79482492801452,88,4.47733681447821,7832.42,0.00243036653373597,-6.01971319607604,12.7,0,36737.9045118952,1
"RO21",2019,2623007,3198564,820.057688387664,6.70937468947601,7300,8.89562962713648,87.5,4.47163879336357,8872.93,0.0027740354734187,-5.88745216934909,11.7,0,36737.9045118952,1
"RO21",2020,1281378,3184215,402.415666027577,5.99748554950778,7400,8.90923527919226,87.5,4.47163879336357,8821.24,0.00277030288469843,-5.88879862010411,11.8,0,36737.9045118952,1
"RO21",2021,2128958,3163465,672.982947495863,6.51171999127893,7900,8.97461803845511,87,4.46590811865458,9197.99,0.00290756812545737,-5.84043824290619,12.3,0,36737.9045118952,1
"RO21",2022,2693873,3221997,836.087991391674,6.72873386040686,8800,9.0825070004663,88.3,4.48074010760991,10555.45,0.00327605829552293,-5.72111431842347,14,0,36737.9045118952,1
"RO21",2023,2815147,3224428,873.068649695388,6.77201418928329,10500,9.25913053614561,88.4,4.4818719696436,12735.44,0.00394967417476836,-5.53412219087179,13.6,0,36737.9045118952,1
"RO22",2017,5593943,2447270,2285.789062915,7.73446656665679,7800,8.96187901267768,78.1,4.35799005684564,6642.12,0.00271409366355163,-5.90929720690791,12.7,0,35359.5364189319,1
"RO22",2018,6068949,2423059,2504.66414561098,7.8259099309219,8700,9.07107830464268,71.6,4.2710950739666,7437.34,0.00306940111652254,-5.78627281246413,13.1,0,35359.5364189319,1
"RO22",2019,6293170,2396171,2626.34428010355,7.87334815064995,9200,9.12695876303713,70.9,4.26127043353808,8295.18,0.00346184809014048,-5.66595270241081,13.8,0,35359.5364189319,1
"RO22",2020,4077415,2377101,1715.28891704644,7.44733681016156,8900,9.09380655572023,70.9,4.26127043353808,8343.7,0.00351003175716976,-5.65213019391858,13.1,0,35359.5364189319,1
"RO22",2021,5949042,2351636,2529.74610016176,7.83587422101831,10200,9.23014299927236,70.2,4.25134831103177,8559.16,0.00363966192046728,-5.61586448063951,12.9,0,35359.5364189319,1
"RO22",2022,5585584,2361692,2365.07724123213,7.76856596053314,11600,9.35876037709446,70,4.24849524204936,9675.44,0.00409682549629672,-5.497542874369,14,0,35359.5364189319,1
"RO22",2023,6139882,2353327,2609.02203561171,7.86673073110018,13000,9.47270463644367,69.8,4.24563400976833,11405.64,0.0048466022783914,-5.32947738069679,13.7,0,35359.5364189319,1
"RO31",2017,2046686,3003394,681.457710843133,6.52423419615639,7300,8.89562962713648,89.2,4.49088103958596,7444.87,0.0024788189628134,-5.99997305690824,13.1,0,34420.599733832,1
"RO31",2018,2228490,2965415,751.49346718756,6.62206251612472,8200,9.01188943325234,87.1,4.46705688385846,8253.74,0.00278333386726647,-5.88410583695524,12.7,0,34420.599733832,1
"RO31",2019,2301949,2929832,785.693172850867,6.66656635088714,8700,9.07107830464268,86.1,4.45550941143368,9067.77,0.00309497950735742,-5.77797399407673,12.9,0,34420.599733832,1
"RO31",2020,1098222,2901376,378.517641284687,5.93626268020533,8600,9.0595174822416,86.1,4.45550941143368,8980.49,0.0030952520459258,-5.77788593967482,13.1,0,34420.599733832,1
"RO31",2021,1634154,2868994,569.591292278757,6.34491907254895,9500,9.15904707758863,85.2,4.44500143383527,9314.82,0.00324671993040069,-5.73011004446281,13.9,0,34420.599733832,1
"RO31",2022,1978547,2854893,693.037182129068,6.54108365161648,11400,9.34136863438259,84.1,4.4320065669789,10500.86,0.00367819739653991,-5.60533248470784,13.7,0,34420.599733832,1
"RO31",2023,2245981,2841304,790.475429591483,6.67263457405576,12100,9.40096073158483,83.8,4.42843300748804,12452.24,0.00438257926642133,-5.43011785429963,12.6,0,34420.599733832,1
"RO32",2017,3600639,2287208,1574.25078960899,7.36153474894661,22000,9.99879773234045,1304.6,7.173651759362,19979.99,0.00873553695160213,-4.74035586600868,36.1,0,1700.09550041385,0
"RO32",2018,3678452,2302291,1597.73547305706,7.37634257636392,23800,10.0774408596596,1316.3,7.18258004943136,22650.41,0.00983820464050809,-4.62148203979787,37.5,0,1700.09550041385,0
"RO32",2019,3823988,2315173,1651.70723742891,7.40956472132341,26500,10.1849000119743,1321.9,7.18682537458535,24880.75,0.0107468210798934,-4.53314528163861,40.3,0,1700.09550041385,0
"RO32",2020,1052571,2322002,453.303227129003,6.11656127711185,26200,10.1735146897492,1321.9,7.18682537458535,25429.88,0.0109517046066282,-4.51426016299703,40.5,0,1700.09550041385,0
"RO32",2021,2003299,2327057,860.872337892883,6.75794622153295,29500,10.2921455423279,1325.3,7.18939412788663,27009.57,0.0116067505007398,-4.45616841041213,41.1,0,1700.09550041385,0
"RO32",2022,3509593,2268381,1547.17968454153,7.34418899414587,35900,10.4884925744764,1299.4,7.16965789844643,31433.62,0.0138572929327128,-4.27894361939694,42.2,0,1700.09550041385,0
"RO32",2023,3904303,2289799,1705.08546820048,7.44137051643808,40800,10.6164373603923,1310,7.1777824161952,37852.83,0.0165310710678099,-4.10251357385754,39.4,0,1700.09550041385,0
"RO41",2017,1961117,1972979,993.987771790779,6.90172490455956,7100,8.86785006302941,68.9,4.23265617801961,4703.8,0.00238411052525141,-6.03892916959051,16.1,0,29368.0681168568,2
"RO41",2018,2075153,1949813,1064.2830876602,6.97005669434497,8200,9.01188943325234,67.6,4.21360798304892,5592.5,0.00286822377325415,-5.85406233514129,14.7,0,29368.0681168568,2
"RO41",2019,2227483,1926860,1156.01704327247,7.05273579243893,9000,9.10497985631836,66.9,4.20319896713418,6159.65,0.00319672939393625,-5.74562705623535,15.4,0,29368.0681168568,2
"RO41",2020,1145467,1910409,599.592547983181,6.39625033783764,8800,9.0825070004663,66.9,4.20319896713418,6233.28,0.00326279869912673,-5.72516995523637,16.7,0,29368.0681168568,2
"RO41",2021,1635453,1892078,864.368699387657,6.76199941318078,9600,9.16951837745593,66.3,4.19418989719182,6402.56,0.00338387740885947,-5.68873306459074,17.4,0,29368.0681168568,2
"RO41",2022,1881670,1869602,1006.45484974877,6.91418938540379,11700,9.36734412078585,65.1,4.17592454921452,7217.41,0.00386039916516991,-5.55698469018613,17.6,0,29368.0681168568,2
"RO41",2023,2160225,1861811,1160.2815753049,7.05641799197628,13300,9.49551931420985,64.8,4.17130560335823,8534.92,0.00458420323008082,-5.38513896589259,16.5,0,29368.0681168568,2
"RO42",2017,2289826,1792491,1277.45467062317,7.15262483857018,9900,9.20029003612268,56.6,4.03600898520914,7132.95,0.00397935052393569,-5.52663665794268,16,0,31709.6061178649,1
"RO42",2018,2374521,1784296,1330.78872563745,7.19352707223997,10800,9.28730141311231,55.9,4.02356438016105,7644.11,0.00428410420692531,-5.45284380201336,15.7,0,31709.6061178649,1
"RO42",2019,2477702,1777474,1393.9455654485,7.23989354138192,11800,9.37585481045376,55.7,4.01998014693324,8389.02,0.0047196302168133,-5.3560248263492,16.3,0,31709.6061178649,1
"RO42",2020,1093904,1771480,617.508523946079,6.42569287236812,11400,9.34136863438259,55.7,4.01998014693324,8265.59,0.00466592340867523,-5.36746952028933,17,0,31709.6061178649,1
"RO42",2021,1509385,1758582,858.296627623847,6.75494975958194,12700,9.44935727244668,55.4,4.01457959375324,8718.91,0.00495792064288159,-5.30676885137025,16.3,0,31709.6061178649,1
"RO42",2022,1756796,1669531,1052.26917020409,6.95870422578274,14800,9.60238245975221,52.4,3.958906591327,10046.62,0.00601763010090858,-5.11306176811558,18.3,0,31709.6061178649,1
"RO42",2023,1956945,1671433,1170.81869270261,7.06545852044242,17300,9.75846178048587,52.5,3.96081316959758,11679.38,0.00698764473359088,-4.96361172750028,19.4,0,31709.6061178649,1
"SK01",2017,3095451,641892,4822.3860088613,8.48102410714672,38200,10.5505907945947,319.8,5.76769580039985,10080.12,0.0157037632498925,-4.15385489790533,42.7,0,1996.52153292364,0
"SK01",2018,3067941,650838,4713.83201349645,8.45825644720062,39800,10.5916221912725,324.2,5.78136060930158,10813.73,0.0166150870108998,-4.09744414030095,43.8,0,1996.52153292364,0
"SK01",2019,3240407,659598,4912.69985657931,8.49957893862312,40300,10.6041067479348,328.8,5.79544966318202,11463.71,0.0173798434804229,-4.05244416491485,45.5,0,1996.52153292364,0
"SK01",2020,1121355,669592,1674.68398666651,7.42337976178304,39600,10.5865843972426,328.8,5.79544966318202,11825.1,0.0176601572300744,-4.03644418067073,45.6,0,1996.52153292364,0
"SK01",2021,993146,677024,1466.92879425249,7.2909262386231,40300,10.6041067479348,333.2,5.80874291029269,12355.97,0.0182504165288084,-4.00356737571774,46.7,0,1996.52153292364,0
"SK01",2022,2008967,723714,2775.91286060516,7.92873493086209,42400,10.65490364122,359.2,5.88387933642804,13268.86,0.018334397289537,-3.99897635012693,47,0,1996.52153292364,0
"SK01",2023,2548871,728370,3499.41787827615,8.16035191315219,46100,10.7385682289847,361.5,5.89026204159882,14711.28,0.0201975369661024,-3.9021946143805,51.2,0,1996.52153292364,0
"SK02",2017,3643250,1830751,1990.03032089017,7.59590515423069,14000,9.5468126085974,123.3,4.8146204101703,10385.12,0.0056726010254808,-5.17210753177635,20.7,0,14876.0138039418,1
"SK02",2018,3713700,1828428,2031.08900104352,7.616327381912,14800,9.60238245975221,123.1,4.81299703319041,11315.27,0.00618852369357722,-5.08505871934529,20.6,0,14876.0138039418,1
"SK02",2019,4129962,1826145,2261.57397139877,7.72381629738088,16000,9.68034400122192,123,4.81218435537242,12193.78,0.00667733394664717,-5.00903648088245,22.2,0,14876.0138039418,1
"SK02",2020,2145050,1823792,1176.14837656926,7.07000029105183,16000,9.68034400122192,123,4.81218435537242,12261.2,0.0067229157710967,-5.00223332404364,22.4,0,14876.0138039418,1
"SK02",2021,2029192,1819399,1115.30895641913,7.01688673647047,16800,9.72913416539135,122.7,4.80974235171687,12964.12,0.00712549583681205,-4.94407596411726,23.6,0,14876.0138039418,1
"SK02",2022,2872027,1812542,1584.52990330707,7.36804305134612,18000,9.7981270368783,121.9,4.80320103648723,14023.19,0.00773675313454805,-4.8617731710522,24.8,0,14876.0138039418,1
"SK02",2023,3251794,1806944,1799.60972780562,7.49532510249009,21100,9.95702831946416,121.6,4.80073696953207,15474.32,0.00856380717941452,-4.76021042375636,24.2,0,14876.0138039418,1
"SK03",2017,4446391,1342287,3312.54865762687,8.1054731592815,12400,9.42545175159313,82.9,4.41763506214125,7115.55,0.00530106452643883,-5.23984762454747,20.3,0,16297.1574255432,3
"SK03",2018,4766542,1340811,3554.9693431811,8.17610171862241,13300,9.49551931420985,82.8,4.41642806139121,7789.33,0.00580941683801818,-5.14827508526984,21.6,0,16297.1574255432,3
"SK03",2019,5549255,1339242,4143.57897975123,8.32931518122756,14100,9.55393007636626,82.7,4.41521960202965,8419.49,0.00628675773310574,-5.06930980490207,23.2,0,16297.1574255432,3
"SK03",2020,3582099,1336785,2679.63733883908,7.89343674301944,13800,9.5324238711453,82.7,4.41521960202965,8573.69,0.00641366412699125,-5.04932454469015,23.7,0,16297.1574255432,3
"SK03",2021,2826546,1334238,2118.47211666884,7.65845040815268,15700,9.6614159913364,82.5,4.41279829334063,9188.92,0.00688701715885771,-4.9781172109376,24.5,0,16297.1574255432,3
"SK03",2022,4236224,1310511,3232.49785770589,8.0810104479098,17100,9.74683374249075,80.8,4.39197696552705,9859.65,0.00752351563626707,-4.88972174544397,26.6,0,16297.1574255432,3
"SK03",2023,4880119,1305883,3737.02621138341,8.22604544347839,18700,9.83627880284268,80.6,4.38949864951258,10958.58,0.00839170124735524,-4.78051200821734,26.5,0,16297.1574255432,3
"SK04",2017,3482845,1620413,2149.35636779019,7.6729237124849,11100,9.31470038730042,103.6,4.64053732982538,6973.29,0.00430340289790319,-5.44834919764663,20.1,0,15598.3033554439,2
"SK04",2018,3639957,1623043,2242.67440850304,7.71542436504606,11900,9.38429367909962,103.8,4.64246597073179,7530.72,0.0046398770704165,-5.37306740653965,23.6,0,15598.3033554439,2
"SK04",2019,4305709,1625436,2648.95634156005,7.88192100803397,12200,9.40919123072135,103.9,4.64342889810518,8218.56,0.00505621876222749,-5.28713635522798,23.8,0,15598.3033554439,2
"SK04",2020,2589282,1627704,1590.7572875658,7.37196546331617,12300,9.41735454136051,103.9,4.64342889810518,8392.72,0.00515617090085175,-5.26756104843982,26.6,0,15598.3033554439,2
"SK04",2021,2067063,1629120,1268.82181791397,7.14584404644047,13700,9.52515111181622,104,4.64439089914137,8946.87,0.00549184222156747,-5.20449152026413,27.7,0,15598.3033554439,2
"SK04",2022,3231591,1587945,2035.0774113713,7.61828913713909,14800,9.60238245975221,101.4,4.61907309115708,9568.49,0.00602570617999994,-5.11172059817503,28.2,0,15598.3033554439,2
"SK04",2023,3679070,1587595,2317.38573124758,7.74819498931935,16600,9.71715797434464,101.4,4.61907309115708,10471.87,0.0065960588185274,-5.02128295702203,25.4,0,15598.3033554439,2
"FI19",2017,4082713,1380593,2957.21693504168,7.99200388038158,35900,10.4884925744764,23.7,3.16547504814109,23501.09,0.0170224606382909,-4.07322159294403,41.4,0,64748.9253298671,3
"FI19",2018,4157253,1380365,3011.7055996059,8.01026184164795,37100,10.5213722485955,23.7,3.16547504814109,24395.73,0.0176733907336103,-4.03569511894796,42.2,0,64748.9253298671,3
"FI19",2019,4185430,1379749,3033.47203005764,8.01746312698634,37900,10.5427063910705,23.7,3.16547504814109,24888.67,0.0180385490404414,-4.01524419771308,43.8,0,64748.9253298671,3
"FI19",2020,2927719,1378652,2123.60987399286,7.66087269034688,37800,10.5400643816077,23.7,3.16547504814109,24506.44,0.0177756533193293,-4.02992554901304,45.9,0,64748.9253298671,3
"FI19",2021,3712355,1378851,2692.35399618958,7.89817118144682,40100,10.5991316132947,23.6,3.16124671203156,26245.34,0.0190342103679078,-3.96151737317557,40.1,0,64748.9253298671,3
"FI19",2022,4371244,1382245,3162.42344880973,8.05909392683284,42700,10.6619541992167,23.7,3.16547504814109,27897.64,0.0201828474691534,-3.9029221704849,40.7,0,64748.9253298671,3
"FI19",2023,4493436,1384761,3244.91807611566,8.08484538263018,44400,10.7009947484203,24.2,3.18635263316264,29084.41,0.0210031983858586,-3.8630805487673,41.6,0,64748.9253298671,3
"FI1B",2017,6449086,1638293,3936.46679806359,8.27803884820907,53500,10.8874369328841,181,5.19849703126583,41452.86,0.025302470315139,-3.67685324710064,51.4,0,9988.50595486586,0
"FI1B",2018,6546400,1655624,3954.03787333356,8.28249258217067,55000,10.9150884642146,182.8,5.20839265902005,43387.17,0.026205932023213,-3.64176948074293,52,0,9988.50595486586,0
"FI1B",2019,7024828,1671024,4203.90610787158,8.34376939774924,56800,10.9472916047092,184.7,5.21873288720519,45352.9,0.0271407831365678,-3.60671776955444,53.7,0,9988.50595486586,0
"FI1B",2020,2842555,1689725,1682.25894746187,7.42789278080112,55400,10.9223348727354,184.7,5.21873288720519,44893.81,0.0265687079258459,-3.62802114945397,54.9,0,9988.50595486586,0
"FI1B",2021,3668557,1702678,2154.58060772501,7.67535137001348,57600,10.961277846684,186.5,5.22843123908387,47786.8,0.0280656706670316,-3.57320813395451,49.8,0,9988.50595486586,0
"FI1B",2022,5924883,1714741,3455.26408944558,8.14765417016791,60400,11.0087443839229,189.5,5.24438902452248,51363.82,0.0299542729776683,-3.50808329422423,50.5,0,9988.50595486586,0
"FI1B",2023,6360553,1733033,3670.1857379519,8.20799754956414,62200,11.0381102787273,192,5.25749537202778,54688.88,0.0315567447359629,-3.45596793357262,49.3,0,9988.50595486586,0
"FI1C",2017,3211274,1159174,2770.31230859215,7.92671533961011,36400,10.5023240536248,36.8,3.60549784517489,19129.05,0.0165023111284415,-4.10425483949387,39.8,0,34995.4980472732,1
"FI1C",2018,3207550,1157001,2772.2966531576,7.92743137231743,37400,10.5294259834026,36.7,3.60277675506052,19666.98,0.0169982394137948,-4.07464550418345,40.9,0,34995.4980472732,1
"FI1C",2019,3334530,1152719,2892.75183284044,7.96996351935419,38200,10.5505907945947,36.6,3.60004824040732,20177.21,0.0175040144215546,-4.04532502884239,42.6,0,34995.4980472732,1
"FI1C",2020,2217022,1148794,1929.86906268661,7.56520743642992,37800,10.5400643816077,36.6,3.60004824040732,19654.35,0.0171086809297402,-4.06816928757764,43.5,0,34995.4980472732,1
"FI1C",2021,2668107,1147484,2325.18013323062,7.75155279167863,39800,10.5916221912725,36.5,3.59731226058845,20864.63,0.018182937627017,-4.00727161764186,38,0,34995.4980472732,1
"FI1C",2022,3226054,1146312,2814.28965238085,7.94246516499293,42300,10.6525423650344,36.4,3.5945687746427,22148.07,0.0193211534032619,-3.94655475201794,37.3,0,34995.4980472732,1
"FI1C",2023,3289121,1144473,2873.91751487366,7.96343136576561,42200,10.6501755000241,36.5,3.59731226058845,22876.92,0.0199890429918399,-3.91257100596102,37.8,0,34995.4980472732,1
"FI1D",2017,7767132,1296023,5993.05104924835,8.6983559185678,33600,10.4222813459513,6.4,1.85629799036563,20231.4,0.0156103711122411,-4.15981977073092,39.1,1,225388.597806197,0
"FI1D",2018,7930782,1290651,6144.79204680429,8.72336018038671,34700,10.454494965935,6.3,1.84054963339749,20925.34,0.0162130118831504,-4.12194115647483,39.5,1,225388.597806197,0
"FI1D",2019,8154564,1284638,6347.75244076541,8.75585608289679,35600,10.4801009168401,6.3,1.84054963339749,21368.51,0.016633876625166,-4.09631390259056,40.3,1,225388.597806197,0
"FI1D",2020,6175761,1278237,4831.46787332865,8.48290560799754,35600,10.4801009168401,6.3,1.84054963339749,21051.32,0.0164690272617676,-4.10627379775307,42,1,225388.597806197,0
"FI1D",2021,7158939,1274651,5616.39146715454,8.63344464896623,37600,10.534759329378,6.3,1.84054963339749,22418.72,0.0175881241218184,-4.04053137050071,37.6,1,225388.597806197,0
"FI1D",2022,7999052,1274599,6275.74005628437,8.74444669430241,41500,10.6334487062188,6.2,1.82454929205105,23867.3,0.0187253402834931,-3.97787757706077,38.2,1,225388.597806197,0
"FI1D",2023,8262370,1271344,6498.92554650826,8.7793921416829,41500,10.6334487062188,6.2,1.82454929205105,24814.7,0.0195184780830365,-3.93639366809433,38,1,225388.597806197,0
"SE11",2017,13994879,2269060,6167.69895904031,8.72708110715199,64100,11.0681996429088,350.8,5.86021626049803,68156.01,0.0300371122843821,-3.50532158572214,51,1,8128.2189000857,3
"SE11",2018,14548466,2308143,6303.10427040266,8.74879753235623,62600,11.0445205570882,356.6,5.87661470542904,67994.99,0.029458742374281,-3.52476455812292,52.3,1,8128.2189000857,3
"SE11",2019,15256827,2344124,6508.5409304286,8.78087058265199,63600,11.0603687493282,361.8,5.8910915729612,68742.01,0.0293252447396127,-3.52930653871058,53,1,8128.2189000857,3
"SE11",2020,6869584,2377081,2889.92423901415,7.96898556588887,64100,11.0681996429088,361.8,5.8910915729612,70767.02,0.0297705547265743,-3.51423547038354,53.7,1,8128.2189000857,3
"SE11",2021,9196608,2391990,3844.75185933052,8.25446434392236,70300,11.1605270777988,365.5,5.90126627918983,78361.41,0.0327599237455006,-3.4185493476709,56.1,1,8128.2189000857,3
"SE11",2022,14307916,2415139,5924.26191618785,8.68681138713617,70600,11.1647854234813,372.1,5.91916263535258,80003.95,0.033126022974247,-3.40743611291118,57.4,1,8128.2189000857,3
"SE11",2023,15117410,2440027,6195.59127829323,8.73159323394668,68700,11.1375044782104,375.1,5.92719265708784,78030.02,0.0319791625256606,-3.44267075935948,58.8,1,8128.2189000857,3
"SE12",2017,6069678,1664145,3647.32520303219,8.20174935684484,41200,10.6261935353376,43.6,3.77505715035499,33866.38,0.020350618485769,-3.89464397513429,39.2,0,43409.8865459735,1
"SE12",2018,6239364,1687810,3696.72178740498,8.21520170249525,39700,10.5891064666753,44.2,3.78872478908365,33697.69,0.0199653337757212,-3.91375782056406,40.1,0,43409.8865459735,1
"SE12",2019,6347483,1708813,3714.5568297994,8.22001465792277,39300,10.5789797978574,44.7,3.79997350161952,33705.41,0.0197244578546629,-3.92589589781612,42.1,0,43409.8865459735,1
"SE12",2020,4649510,1727398,2691.62636520362,7.89790088663089,39600,10.5865843972426,44.7,3.79997350161952,34420.4,0.0199261548294024,-3.91572209716973,42.8,0,43409.8865459735,1
"SE12",2021,5509091,1737737,3170.2674225156,8.0615712237282,43700,10.6851033810837,45.1,3.80888224650863,37621.54,0.0216497318063666,-3.83276221230706,44.6,0,43409.8865459735,1
"SE12",2022,6517707,1752290,3719.53672052,8.22135440201713,44700,10.7077287806017,45.7,3.82209829790016,37508,0.0214051327120511,-3.84412453935534,45.4,0,43409.8865459735,1
"SE12",2023,6607298,1763645,3746.38773676108,8.22854738452452,43600,10.6828124293371,45.9,3.8264651170665,37293.53,0.0211457124307896,-3.8563181159892,45.7,0,43409.8865459735,1
"SE21",2017,6140432,847667,7243.92007710575,8.88791778596422,41400,10.6310361598134,25.7,3.24649099190117,17650.67,0.0208226461570404,-3.87171412699149,33.8,0,36177.199161779,2
"SE21",2018,6042200,856887,7051.33815777343,8.860972687408,39400,10.581521095286,26,3.25809653802148,17433.98,0.0203457165297175,-3.89488487918982,36.2,0,36177.199161779,2
"SE21",2019,6250283,864630,7228.85280408961,8.88583563092961,38900,10.5687495296065,26.2,3.26575941076705,17340.94,0.0200559083075998,-3.90923148995551,37.5,0,36177.199161779,2
"SE21",2020,4514784,870200,5188.21420363135,8.55414483287069,39100,10.5738777459735,26.2,3.26575941076705,17526.71,0.0201410135601011,-3.90499706723304,37.2,0,36177.199161779,2
"SE21",2021,6090489,873407,6973.2541644388,8.84983727635435,44200,10.6964800680658,26.3,3.26956893918372,19193.02,0.0219748868511473,-3.81785498440494,37.6,0,36177.199161779,2
"SE21",2022,6725296,878580,7654.73377495504,8.94307952955822,44500,10.7032444681543,26.6,3.28091121578765,19169.87,0.0218191513578729,-3.82496719218998,40.3,0,36177.199161779,2
"SE21",2023,6660507,882332,7548.75375708917,8.92913776333209,43100,10.6712782760918,26.6,3.28091121578765,18774.18,0.0212779089957068,-3.85008588081661,42.7,0,36177.199161779,2
"SE22",2017,6575436,1483018,4433.82076279587,8.39701696599337,40200,10.6016222746071,107.5,4.67749084756772,29982.67,0.0202173338422056,-3.90121493154146,44.4,1,14335.5828072626,0
"SE22",2018,6929643,1504060,4607.29159740968,8.43539545735654,39000,10.5713169251118,108.9,4.69043002993891,29739.92,0.0197730941584777,-3.92343314628251,45.3,1,14335.5828072626,0
"SE22",2019,7284133,1521848,4786.37354059013,8.47352831402071,39500,10.5840559508892,110.1,4.70138904372863,29948.06,0.0196787458405833,-3.92821611700136,45.6,1,14335.5828072626,0
"SE22",2020,5096202,1537433,3314.74737435713,8.10613669288565,40200,10.6016222746071,110.1,4.70138904372863,30729.25,0.0199873750595961,-3.91265445176863,45.4,1,14335.5828072626,0
"SE22",2021,6142260,1548392,3966.86368826499,8.28573105850853,43900,10.6896695990633,111,4.70953020131233,33812.84,0.0218373900149316,-3.82413164005753,47.5,1,14335.5828072626,0
"SE22",2022,7368209,1561362,4719.09076818829,8.4593714261649,43900,10.6896695990633,112.8,4.72561633906396,34263.57,0.0219446675402629,-3.81923110563713,49.2,1,14335.5828072626,0
"SE22",2023,7616440,1573064,4841.78647531187,8.48503903807704,42700,10.6619541992167,113.4,4.73092139129365,34012.7,0.0216219429088708,-3.83404660453356,50,1,14335.5828072626,0
"SE23",2017,12284687,1992116,6166.65244393399,8.72691141600656,46500,10.7472075915754,68.6,4.22829253473184,45041.26,0.0226097576647143,-3.78937371080745,40.6,0,34841.5283771898,2
"SE23",2018,12606315,2015607,6254.35166676837,8.7410327671322,44600,10.7054891380082,69.4,4.23988686751276,44860.36,0.0222565013913923,-3.80512111568528,42.2,0,34841.5283771898,2
"SE23",2019,13087686,2039166,6418.15624623008,8.7668861663766,44800,10.7099634184031,70.1,4.24992279404054,45121.49,0.0221274236624188,-3.81093755002353,42.3,0,34841.5283771898,2
"SE23",2020,8234006,2059729,3997.61619125623,8.293453510266,43900,10.6896695990633,70.1,4.24992279404054,45725.62,0.0221998233748226,-3.80767094622462,43.4,0,34841.5283771898,2
"SE23",2021,10655999,2071191,5144.86544215381,8.54575449479764,48800,10.7954855918412,70.7,4.25844557290253,50134.73,0.0242057492524832,-3.72116510161869,45.6,0,34841.5283771898,2
"SE23",2022,13415183,2085102,6433.82577926643,8.76932462929534,50500,10.8297286152635,71.6,4.2710950739666,50647.34,0.0242901018751121,-3.71768634185943,48.8,0,34841.5283771898,2
"SE23",2023,13734809,2101461,6535.83816211674,8.78505587523523,50300,10.8257603560878,72.1,4.2780540442909,50417.2,0.0239914992474283,-3.73005570940095,48.5,0,34841.5283771898,2
"SE31",2017,6433878,848451,7583.08729673252,8.93367569079773,37700,10.5374153734361,13.4,2.59525470695687,16143.79,0.0190273686989585,-3.96187687843997,33.3,0,71845.9538075339,2
"SE31",2018,6966470,852201,8174.67944768898,9.0087967837048,37000,10.5186731916264,13.4,2.59525470695687,15931.98,0.0186950965793281,-3.97949400451515,33.9,0,71845.9538075339,2
"SE31",2019,7056383,855220,8250.95647903463,9.01808440946125,37200,10.5240640402612,13.5,2.60268968544438,15842.33,0.0185242744556956,-3.98867327425143,33.6,0,71845.9538075339,2
"SE31",2020,4907745,857762,5721.56961954482,8.65199845574191,37100,10.5213722485955,13.5,2.60268968544438,15988.86,0.0186402055581851,-3.98243444198587,35.3,0,71845.9538075339,2
"SE31",2021,5644980,858063,6578.74771432867,8.79159968923546,40600,10.6115233455898,13.5,2.60268968544438,17401.76,0.0202802824501231,-3.89810617283528,35.4,0,71845.9538075339,2
"SE31",2022,6576727,859350,7653.14132774772,8.94287147361285,41500,10.6334487062188,13.5,2.60268968544438,17415.61,0.0202660266480479,-3.89880935904284,38.3,0,71845.9538075339,2
"SE31",2023,6296563,859620,7324.82143272609,8.89902405580329,38700,10.5635948790179,13.5,2.60268968544438,17268.79,0.0200888648472581,-3.90758960512359,40.5,0,71845.9538075339,2
"SE32",2017,2982497,374245,7969.37033226897,8.98336076392909,40100,10.5991316132947,5.3,1.66770682055808,7327.06,0.0195782441983193,-3.93333631912235,33.7,0,76861.7532998992,0
"SE32",2018,3216031,375774,8558.41809172535,9.05467064968919,39000,10.5713169251118,5.3,1.66770682055808,7208.7,0.0191836050391991,-3.95369926894066,36.4,0,76861.7532998992,0
"SE32",2019,3401041,375733,9051.74951361738,9.11071333443257,39200,10.5764320257786,5.3,1.66770682055808,7171.24,0.0190859998988644,-3.95880020228602,37.3,0,76861.7532998992,0
"SE32",2020,2589773,376157,6884.81937063513,8.83707417561674,38700,10.5635948790179,5.3,1.66770682055808,7233.14,0.0192290453188429,-3.95133336601981,37,0,76861.7532998992,0
"SE32",2021,3147438,375709,8377.32926280712,9.033284438957,44200,10.6964800680658,5.3,1.66770682055808,7839.55,0.0208660159857762,-3.86963347282066,40.1,0,76861.7532998992,0
"SE32",2022,3353904,376247,8914.10164067753,9.09538975580604,46100,10.7385682289847,5.3,1.66770682055808,7818.92,0.0207813484227117,-3.87369940500674,42.9,0,76861.7532998992,0
"SE32",2023,3201806,375935,8516.91382818838,9.04980932746496,43300,10.6759079139906,5.3,1.66770682055808,7806.04,0.020764334259912,-3.87451846309664,41,0,76861.7532998992,0
"SE33",2017,4201714,516451,8135.74569513855,9.00402268049684,45000,10.7144177687525,3.4,1.22377543162212,10967.5,0.0212362837907178,-3.8520440606884,38.2,1,164335.237256534,2
"SE33",2018,4308385,519760,8289.18154532861,9.02270651530953,43900,10.6896695990633,3.4,1.22377543162212,10806.18,0.0207907110974296,-3.87324897387659,39.5,1,164335.237256534,2
"SE33",2019,4491445,520651,8626.59439816691,9.06260508257395,45300,10.7210623114711,3.4,1.22377543162212,10774.95,0.0206951489577471,-3.87785595604232,39.7,1,164335.237256534,2
"SE33",2020,2942957,521829,5639.69614567224,8.63758546815999,44700,10.7077287806017,3.4,1.22377543162212,10923.81,0.0209336966707485,-3.86639513744383,40,1,164335.237256534,2
"SE33",2021,3657755,522806,6996.39063055895,8.85314967085171,54300,10.902279505922,3.4,1.22377543162212,11965.7,0.0228874572977357,-3.77716623472937,43,1,164335.237256534,2
"SE33",2022,4660617,524256,8889.96406335836,9.09267828613289,54200,10.9004361874277,3.5,1.25276296849537,12194.16,0.0232599340780077,-3.76102296603116,43.8,1,164335.237256534,2
"SE33",2023,4661286,525472,8870.66484988734,9.09050502738612,49800,10.8157702630127,3.5,1.25276296849537,12254.24,0.0233204433347543,-3.75842490675627,47,1,164335.237256534,2
